subject,session,task,condition,difficulty,logpower_theta_frontal_full_none,logpower_theta_frontal_full_ptp150,logpower_theta_frontal_full_ptp300,logpower_theta_frontal_subset_none,logpower_theta_frontal_subset_ptp150,logpower_theta_frontal_subset_ptp300,logpower_theta_central_full_none,logpower_theta_central_full_ptp150,logpower_theta_central_full_ptp300,logpower_theta_central_subset_none,logpower_theta_central_subset_ptp150,logpower_theta_central_subset_ptp300,logpower_theta_posterior_full_none,logpower_theta_posterior_full_ptp150,logpower_theta_posterior_full_ptp300,logpower_theta_posterior_subset_none,logpower_theta_posterior_subset_ptp150,logpower_theta_posterior_subset_ptp300,logpower_alpha_frontal_full_none,logpower_alpha_frontal_full_ptp150,logpower_alpha_frontal_full_ptp300,logpower_alpha_frontal_subset_none,logpower_alpha_frontal_subset_ptp150,logpower_alpha_frontal_subset_ptp300,logpower_alpha_central_full_none,logpower_alpha_central_full_ptp150,logpower_alpha_central_full_ptp300,logpower_alpha_central_subset_none,logpower_alpha_central_subset_ptp150,logpower_alpha_central_subset_ptp300,logpower_alpha_posterior_full_none,logpower_alpha_posterior_full_ptp150,logpower_alpha_posterior_full_ptp300,logpower_alpha_posterior_subset_none,logpower_alpha_posterior_subset_ptp150,logpower_alpha_posterior_subset_ptp300,position,interrupted
1,1,nback,zero_back,0,-25.244893697310467,-25.276467556307903,-25.27345797864281,-25.298765686131826,-25.304403400438897,-25.311819904422908,-25.689441895940096,-25.76696357726374,-25.740628758485446,-26.017149164649833,-26.023658043410762,-26.031384277597283,-25.56355912140706,-25.59051925765074,-25.57702498236834,-25.58654896613712,-25.60530852628949,-25.603879277964424,-25.08117448353079,-25.060651246737102,-25.09427965656676,-25.190054310205173,-25.162141014052445,-25.199822467693945,-25.232699863332194,-25.226971430081882,-25.24568283790372,-24.805092623338695,-24.740311050541717,-24.8130696333167,-24.57030415666691,-24.58337731916088,-24.584859495902776,-24.351292818924076,-24.29519362927439,-24.361858953203342,5,0
1,1,nback,one_back,1,-25.351888343299997,-25.37186110059987,-25.352260358230247,-25.356070875527074,-25.355452903690924,-25.352166267112448,-25.715165788192387,-25.754677558181726,-25.719728391097675,-25.94263565803998,-25.933017716383187,-25.943590719431615,-25.510558252904833,-25.563320300876875,-25.536293786509702,-25.56393361208029,-25.572588032488966,-25.567554396814558,-25.00790822798485,-24.998820304613666,-24.999683215001323,-25.139487475927595,-25.126834090139443,-25.13101441144859,-25.157560138904376,-25.14124469311014,-25.15320356788105,-24.633838003211007,-24.542225776535087,-24.6142808712507,-24.48121239647645,-24.511388105374138,-24.486778656729374,-24.248032099169876,-24.194961329141012,-24.23184485963872,1,0
1,1,nback,two_back,2,-25.25038110712054,-25.265197619935137,-25.27453179214725,-25.275245470774344,-25.26994711597593,-25.279652436389487,-25.684069462535035,-25.6870601217422,-25.68309712920136,-25.88700865749497,-25.859379708864502,-25.873444423649048,-25.454900118060504,-25.556855657751033,-25.55258219065019,-25.545617004740944,-25.56597224459224,-25.562548440503587,-24.93766608400269,-24.909751233891896,-24.92930909571567,-25.078691431469526,-25.053482213602006,-25.07231548889831,-25.082327883471727,-25.051120207889703,-25.065612537557122,-24.496375422907462,-24.41123612738455,-24.454534560608444,-24.419008237869097,-24.44810329828894,-24.4493875256103,-24.201302741451222,-24.145996472548614,-24.1848895392218,3,0
1,1,matb,matb_easy,0,-25.17822707057131,-25.187225296268096,-25.17822707057131,-25.282008261189226,-25.291978280371065,-25.282008261189226,-25.577909462405785,-25.58323096302392,-25.577909462405785,-26.10323894063654,-26.105780972951806,-26.10323894063654,-25.55885028194549,-25.565110772093302,-25.55885028194549,-25.622789207103708,-25.624982982799942,-25.622789207103708,-25.61826571138772,-25.624945997364865,-25.61826571138772,-25.67430061040748,-25.67827582016485,-25.67430061040748,-25.738854546250433,-25.747119548741008,-25.738854546250433,-25.73648774449761,-25.742712486717938,-25.73648774449761,-25.219944528114738,-25.22454106371984,-25.219944528114738,-25.345169731218284,-25.348808550346718,-25.345169731218284,2,0
1,1,matb,matb_medium,1,-24.998196499287758,-25.071117979828408,-25.006896903552033,-25.15456897805681,-25.18805070976521,-25.158818498760205,-25.35961759769401,-25.456122323674453,-25.371028524821376,-25.930524122418195,-25.9782567441127,-25.93815335699339,-25.249058067703878,-25.329024964582576,-25.259851835505298,-25.246139773811443,-25.3075901346159,-25.25672665877384,-25.47434888635103,-25.509586017656822,-25.483992955525007,-25.627763686388647,-25.638027759820854,-25.635929509959734,-25.737690436976916,-25.781091099008727,-25.74513767880127,-25.89357227166009,-25.874325462646873,-25.89490612643908,-24.86897285819939,-25.00941311842678,-24.881921112746127,-25.308397382559647,-25.33610680457125,-25.314856245370205,6,0
1,1,matb,matb_difficult,2,-24.917848872405507,,-24.91300061144282,-25.101919620421945,,-25.090842846358754,-25.18532082608182,,-25.184276905710743,-25.768877354425417,,-25.76324223578734,-24.954652667559902,,-24.950095009191987,-25.08833690818928,,-25.084250842357207,-25.255209597738226,,-25.263994050907343,-25.489766095553595,,-25.492398092850873,-25.534515889570987,,-25.535877195765437,-25.849993405917452,,-25.833215603438607,-24.42677560394626,,-24.44587405043802,-25.115013159489337,,-25.119279421876264,8,0
1,2,nback,zero_back,0,-25.1294291933204,-25.171689694239443,-25.203567225290122,-25.130635675045017,-25.06615270004702,-25.136100864132995,-25.575332291785145,-25.626687894498286,-25.612794101165708,-26.01281261591698,-26.02704890187607,-26.037461967624925,-25.498521840017276,-25.50275717942276,-25.506249414187685,-25.652266103595764,-25.639404575296627,-25.65710594901502,-25.16940851477048,-25.245300611315983,-25.242428245682728,-25.31851614037359,-25.336482650123425,-25.354668408675277,-25.480806399581372,-25.515611328603725,-25.523201184127128,-25.165221777782687,-25.16052287772193,-25.19282779840895,-24.74615582749304,-24.78664895855333,-24.766273079105204,-24.466777662442198,-24.493050778730005,-24.491516349679646,7,0
1,2,nback,one_back,1,-25.107420097524912,-25.22681537401092,-25.21037859945634,-25.128978900477918,-25.142928411730274,-25.153350626750147,-25.5702578881916,-25.641534960264476,-25.637412703429057,-25.975635910087966,-25.953335009501792,-25.983536225918016,-25.400589538011065,-25.43336727591413,-25.420179558327384,-25.566885214893485,-25.577236143903466,-25.574102828388586,-25.14391276352952,-25.162823705408407,-25.16323561473574,-25.256993827130024,-25.260468651594735,-25.275070740379604,-25.50217036285442,-25.529993218316577,-25.530848839694343,-25.27730444975519,-25.200994015986417,-25.259260306552534,-24.659344511073687,-24.675192648352727,-24.657785908153635,-24.48512513859306,-24.441862878371353,-24.457656211069374,8,0
1,2,nback,two_back,2,-25.13340983198208,-25.226333223451512,-25.214080032248148,-25.175435633858665,-25.186064110176893,-25.193627324313308,-25.60282837382264,-25.656889708791677,-25.632334658912253,-25.91138834786522,-25.92346338741331,-25.935237721084466,-25.492091696763087,-25.51961943345682,-25.51008273584505,-25.596114052743047,-25.616160096123092,-25.614667413854278,-24.888852931330717,-24.885050317615207,-24.90793173188339,-25.057645304908075,-25.04194172588568,-25.06866050665719,-25.322859770867456,-25.336094451968524,-25.335774520218088,-24.86471429610911,-24.82866694732161,-24.869748535515424,-24.405008417003348,-24.386697504356995,-24.40826359598908,-24.01589477388328,-23.969947434657833,-24.021667000165507,3,0
1,2,matb,matb_easy,0,-25.118157308899864,-25.141398925794746,-25.118157308899864,-25.33456619021382,-25.347853066608234,-25.33456619021382,-25.543662959776373,-25.568817270400395,-25.543662959776373,-26.079777084512163,-26.10101746904452,-26.079777084512163,-25.611737429314566,-25.626982834184982,-25.611737429314566,-25.72962688899346,-25.74712781892885,-25.72962688899346,-25.67789481115221,-25.691417538045556,-25.67789481115221,-25.832701744717713,-25.838854850792565,-25.832701744717713,-25.921805357474906,-25.946394630961855,-25.921805357474906,-25.814378451645037,-25.83249540772136,-25.814378451645037,-25.467957792794383,-25.478238088313038,-25.467957792794383,-25.51095175662755,-25.52110029974196,-25.51095175662755,2,0
1,2,matb,matb_medium,1,-24.771692630704102,-24.776231696225334,-24.771692630704102,-24.89807345161792,-24.894451090148426,-24.89807345161792,-25.358242585574637,-25.3632937288381,-25.358242585574637,-25.97747295561186,-25.981437582423847,-25.97747295561186,-25.340354852473396,-25.34616105991472,-25.340354852473396,-25.463673855704208,-25.46928993680666,-25.463673855704208,-25.701545818551292,-25.710606462235823,-25.701545818551292,-25.84766491055568,-25.845061069683354,-25.84766491055568,-25.98466059162796,-26.002671783800047,-25.98466059162796,-26.13341880413357,-26.163860997740993,-26.13341880413357,-25.4132482974819,-25.432310811426287,-25.4132482974819,-25.650362339595592,-25.66376061043215,-25.650362339595592,5,0
1,2,matb,matb_difficult,2,-24.767390932428587,-24.850381335355873,-24.767390932428587,-24.978411732308658,-24.994488497547522,-24.978411732308658,-25.23090469268067,-25.313020496864347,-25.23090469268067,-25.857363141577505,-25.85553270102283,-25.857363141577505,-25.191117480450124,-25.205031749978595,-25.191117480450124,-25.284154855227875,-25.29146180619871,-25.284154855227875,-25.481809651239566,-25.530394343009938,-25.481809651239566,-25.646727655524092,-25.716473709181905,-25.646727655524092,-25.839331289853337,-25.87033812133595,-25.839331289853337,-26.1987813231245,-26.18249483195499,-26.1987813231245,-25.179943719474384,-25.26766060569101,-25.179943719474384,-25.624593942623243,-25.58567104201297,-25.624593942623243,1,0
1,3,nback,zero_back,0,-25.49723844772004,-25.50448094201368,-25.49723844772004,-25.452024798456698,-25.454659340766494,-25.452024798456698,-25.920517224123877,-25.952092254174943,-25.920517224123877,-26.10304095541866,-26.11315335144965,-26.10304095541866,-25.71018640977484,-25.728714590008412,-25.71018640977484,-25.83383405076252,-25.844788124016702,-25.83383405076252,-25.440667445725204,-25.44693090748625,-25.440667445725204,-25.50448724299485,-25.503932833362402,-25.50448724299485,-25.56551521848647,-25.5766775176762,-25.56551521848647,-25.124540968286,-25.09182675002138,-25.124540968286,-24.867840146343944,-24.896188121588168,-24.867840146343944,-24.658573738409675,-24.639315474740417,-24.658573738409675,2,0
1,3,nback,one_back,1,-25.197705874216258,-25.187290704396027,-25.214594238059036,-25.2218687863278,-25.197779890568754,-25.228839296133465,-25.81407668728486,-25.859821025853,-25.85040532330796,-25.98012960885275,-26.00928241743179,-25.99960904567935,-25.547520732950005,-25.56307654793457,-25.56038277336616,-25.62901207703956,-25.636157400899805,-25.638307086332482,-25.13563200794359,-25.14835214330319,-25.14787095261159,-25.195488665194457,-25.199896011666507,-25.208563176871984,-25.192261205268917,-25.228244745934873,-25.222379126294225,-24.645546281139815,-24.649208570263312,-24.663101792907263,-24.548562063621407,-24.581762116328946,-24.56164265573626,-24.330006428387122,-24.32787888456817,-24.345998501747886,7,0
1,3,nback,two_back,2,-25.253703161190153,-25.25771151282993,-25.253703161190153,-25.287957567392617,-25.28490469337529,-25.287957567392617,-25.803566476879816,-25.810724683955073,-25.803566476879816,-25.99409315314886,-25.979126202311637,-25.99409315314886,-25.59521973411425,-25.604223690578998,-25.59521973411425,-25.69895081620001,-25.69130469125685,-25.69895081620001,-25.136134766249086,-25.115297293649373,-25.136134766249086,-25.268772333367327,-25.259153931173262,-25.268772333367327,-25.34500387931727,-25.33229818975767,-25.34500387931727,-24.769260594653183,-24.7154004822586,-24.769260594653183,-24.56772165537917,-24.55321914304663,-24.56772165537917,-24.20361144619825,-24.131263389128385,-24.20361144619825,1,0
1,3,matb,matb_easy,0,-25.365791131636147,-25.396734286330833,-25.38832443808271,-25.34966605926775,-25.373492934515916,-25.369455526335102,-25.859363295962996,-25.907071436886554,-25.88900960180658,-26.084279439459735,-26.11829689394827,-26.10469750217523,-25.561014819439208,-25.58276319564582,-25.572819090719314,-25.68984340365019,-25.7176117817665,-25.70127880640613,-25.787054980711503,-25.809054497967395,-25.801352788410636,-25.742499308235452,-25.770014899014683,-25.759399363714053,-25.944936176229678,-25.997445453858123,-25.983102069700784,-25.787427397858913,-25.826039558114964,-25.814880792963717,-25.333887130770513,-25.347123234670647,-25.340313132855822,-25.546002823000826,-25.556625414532167,-25.552978617763465,4,0
1,3,matb,matb_medium,1,-25.080660848753233,-25.08506540382297,-25.080660848753233,-25.15105503218214,-25.155309045519097,-25.15105503218214,-25.764475238540072,-25.771502643342973,-25.764475238540072,-25.947282454673097,-25.95121274538586,-25.947282454673097,-25.408670932794728,-25.408355011527426,-25.408670932794728,-25.484734558147423,-25.482405327743404,-25.484734558147423,-25.780342627915207,-25.78708137093385,-25.780342627915207,-25.756353105749348,-25.761546185386155,-25.756353105749348,-25.994244062462624,-25.997821836527688,-25.994244062462624,-25.894328706432873,-25.892621623882093,-25.894328706432873,-25.295934490630465,-25.30264649236743,-25.295934490630465,-25.58562527533735,-25.587146416363844,-25.58562527533735,8,0
1,3,matb,matb_difficult,2,-25.088759966308608,-25.090137286674793,-25.088759966308608,-25.067610481712467,-25.071634773544314,-25.067610481712467,-25.61571130131424,-25.63838587943028,-25.61571130131424,-25.803723998884358,-25.817795105865546,-25.803723998884358,-25.179455010007832,-25.240165309218597,-25.179455010007832,-25.262696921284938,-25.301893764136643,-25.262696921284938,-25.59528942539346,-25.660512405847093,-25.59528942539346,-25.603093255064902,-25.65629603277585,-25.603093255064902,-25.855487555201293,-25.91905534057359,-25.855487555201293,-25.91269263356511,-25.891847607328778,-25.91269263356511,-24.957174604874425,-25.098569680082026,-24.957174604874425,-25.47728271664063,-25.516272241175464,-25.47728271664063,5,0
2,1,nback,zero_back,0,-25.88122194466423,-26.054361663231486,-26.00633674860985,-26.032269293869895,-26.202073093880408,-26.16413049765578,-26.38596304984721,-26.682777490706417,-26.600824680741212,-27.05079568569173,-27.28041925006396,-27.232580241097526,-26.175320167899454,-26.3028400526045,-26.250222759164004,-26.372895586398613,-26.452488000803857,-26.423975032762453,-26.45071293148895,-26.57870721898781,-26.555079991231096,-26.65179788677715,-26.782150653288543,-26.76306737956373,-26.743697700683686,-26.955558144560538,-26.937152815634782,-27.16712261557654,-27.33079595727272,-27.327034747767456,-26.312582974117277,-26.413108223298288,-26.36096928263315,-26.33841677539212,-26.38704731093019,-26.35909987045747,1,1
2,1,nback,one_back,1,-25.793559033759966,-25.891418178094757,-25.84635825872394,-25.99941695287011,-26.053355913822017,-26.056863993054176,-26.368396331601108,-26.553356346298457,-26.53069345626503,-27.099234418505322,-27.196424981578208,-27.1827125091613,-26.066674986053318,-26.150889537999877,-26.141485891130383,-26.193182675346595,-26.25695613828826,-26.25154569572726,-26.41181200906621,-26.49421079501588,-26.45824717597862,-26.63088399915019,-26.688777333137594,-26.677326707223727,-26.72355756972867,-26.820425855603766,-26.809193404296696,-27.207546499505373,-27.267553020011906,-27.25805179762726,-26.152695140933556,-26.263400388886758,-26.229020635199532,-26.163120498245082,-26.23544703500836,-26.21308970630301,5,1
2,1,nback,two_back,2,-25.87240217661345,-25.98653187137473,-25.918910204422872,-26.099687630791855,-26.201858091401085,-26.135963055718815,-26.526521700400302,-26.71876633461445,-26.615981650446088,-27.14487350906351,-27.266375681704012,-27.20389233025985,-26.03854740017419,-26.189130782283108,-26.11191085937646,-26.231624095940546,-26.33779238830556,-26.282921501471225,-26.515681859433403,-26.62807641983222,-26.557737419378796,-26.789423638489293,-26.904685894084956,-26.830046747362072,-26.995493901929912,-27.144814326187657,-27.052965481560857,-27.401756761559458,-27.48230568512512,-27.442344949692256,-26.041282783040216,-26.2046479816482,-26.126944792136,-26.20206789690746,-26.324862415968653,-26.260263421576525,3,1
2,1,matb,matb_easy,0,-25.9584139410044,-26.04461625602267,-26.00839774953195,-26.12769762369816,-26.198735357237247,-26.184003309709812,-26.492701120815433,-26.615229344903025,-26.574563817418518,-27.00825073452666,-27.119476355543775,-27.07283565280038,-25.962994276718184,-26.011685761455322,-25.976713126732452,-25.950379047222917,-26.013611868677188,-25.96969018698471,-26.597480598862628,-26.688577460907123,-26.637720334731757,-26.839740032514,-26.922759140788305,-26.88861915447078,-26.92465477120522,-27.03742430770563,-27.003441655987242,-27.48792508573546,-27.5672562833781,-27.5536728210709,-26.23122898643954,-26.289506436526505,-26.231453771738956,-26.323688606704877,-26.37099665341141,-26.32800987315144,4,1
2,1,matb,matb_medium,1,-25.36352771017389,-25.457221066157675,-25.392992031189323,-25.56930660962652,-25.649674828216785,-25.60139260625657,-25.722089560212822,-25.86605987179147,-25.753521567848964,-26.537894676102603,-26.60537593664716,-26.553086750492188,-25.455237513106585,-25.526880081319874,-25.465832957080018,-25.55697084195736,-25.595044427380145,-25.5613098194861,-26.073270312478087,-26.142463038826552,-26.091810077147798,-26.3415006900413,-26.400969590782037,-26.354575056954996,-26.405337671710285,-26.52343070161488,-26.42126618962409,-27.155981064940683,-27.241143570751863,-27.16637882713704,-25.548925280546598,-25.640600914354724,-25.55090635172918,-25.68500840526385,-25.794842129352133,-25.687809890366378,2,1
2,1,matb,matb_difficult,2,-25.51546639335698,-25.78916899595076,-25.51546639335698,-25.713042262211545,-25.947671721386243,-25.713042262211545,-25.989236622756913,-26.436502054159998,-25.989236622756913,-26.593622846205662,-26.934571195328914,-26.593622846205662,-25.37080177480524,-25.72364319567468,-25.37080177480524,-25.49070285471169,-25.7757654915787,-25.49070285471169,-26.15552903370143,-26.377995804970126,-26.15552903370143,-26.41072319799822,-26.644687479804276,-26.41072319799822,-26.542448498488504,-26.904443032663618,-26.542448498488504,-27.116013937625837,-27.448031366250632,-27.116013937625837,-25.419668859079636,-25.772487697686675,-25.419668859079636,-25.64430701215595,-25.968199237914956,-25.64430701215595,7,1
2,2,nback,zero_back,0,-25.866446119052902,-26.047348658743687,-26.016935511997442,-26.196712014893635,-26.274800183859416,-26.258931719340577,-26.53044046432343,-26.6578658263075,-26.60953069033358,-27.289097950137624,-27.404478069322458,-27.360714114453245,-26.321580855650303,-26.384902959942064,-26.361574753043133,-26.77144247825477,-26.80231207732138,-26.800635872771835,-26.18720048334087,-26.226088716632134,-26.22732941222288,-26.636962569207448,-26.663302595491125,-26.65972351913182,-26.867105851986913,-26.936892379320916,-26.90761840638073,-27.381097692211945,-27.389870567247364,-27.395140906258142,-26.139056641340925,-26.169357176150896,-26.148345516725655,-26.373254780159463,-26.307476210663253,-26.3547635842179,5,0
2,2,nback,one_back,1,-25.87840753607852,-25.97849476094106,-25.95658427624975,-26.112862127108507,-26.173475077980886,-26.15530736414456,-26.459367888012743,-26.577964180345965,-26.549457932656676,-27.22464326242573,-27.337558939406474,-27.32175427265932,-26.257486697720815,-26.294084080218678,-26.289194112322594,-26.68238435026271,-26.70054195923654,-26.701059137459094,-26.067595525604656,-26.0903135273368,-26.094132411319496,-26.516218931837933,-26.54330983328181,-26.540881641291346,-26.78340483140377,-26.86955858081875,-26.857993644864198,-27.195573934081278,-27.263238934011408,-27.260280720666966,-26.069707105362546,-26.055959754588514,-26.066065921365535,-26.233726010619968,-26.183086627372152,-26.20114852726506,2,0
2,2,nback,two_back,2,-25.876238213299064,-25.969705271025394,-25.876238213299064,-26.12824224369108,-26.187506810200166,-26.12824224369108,-26.43056330039737,-26.550791929064196,-26.43056330039737,-27.34505267559907,-27.45709244181749,-27.34505267559907,-26.220610733499836,-26.312222315702506,-26.220610733499836,-26.80152723627749,-26.876978758157335,-26.80152723627749,-26.352605235043445,-26.436847898275527,-26.352605235043445,-26.782471349462543,-26.86554043202541,-26.782471349462543,-26.822229596431395,-26.971180488850408,-26.822229596431395,-27.6609376898107,-27.79573092776587,-27.6609376898107,-25.997415457623653,-26.11294874052805,-25.997415457623653,-26.856981851056492,-26.92758517284695,-26.856981851056492,3,0
2,2,matb,matb_easy,0,-25.833032976507507,-25.93759882813675,-25.869030548035056,-26.15292564544879,-26.239548797185773,-26.18654570903279,-26.439944058028892,-26.55586732715047,-26.49412817806743,-27.20478809234179,-27.31132343900703,-27.2528645088037,-26.13305885473615,-26.191982041006966,-26.15181587527286,-26.442840281114346,-26.48257153001213,-26.455500456640053,-26.471362431086128,-26.526414473846298,-26.491949563673664,-26.925192192044616,-26.976316598698837,-26.945444538141025,-27.022345897549155,-27.11698669210708,-27.063102189804173,-27.717672430429538,-27.81522753665181,-27.76587288953297,-26.479127201378255,-26.517625991551093,-26.49109761942684,-26.951698058515053,-26.97573968922306,-26.962524536547235,1,0
2,2,matb,matb_medium,1,-25.546929884615473,-25.66377734920102,-25.5623944969867,-25.88366740802462,-25.933701757085938,-25.88676798452885,-26.0478134870057,-26.188545339269915,-26.080980927986595,-26.888357666421552,-26.98418646108913,-26.92050014892164,-25.685206864994825,-25.786726147059916,-25.70540289694647,-26.16224210271483,-26.226153472105874,-26.170687223979062,-26.118185660972316,-26.258031870417902,-26.135830213176774,-26.532300448610208,-26.664821910446367,-26.54726820805688,-26.65026114314368,-26.76972614496381,-26.679677676184003,-27.491453413357316,-27.5698470483395,-27.51822174319946,-25.616853716404087,-25.818685276335422,-25.633545640257008,-26.563011141113996,-26.708371845255698,-26.573390751781655,7,0
2,2,matb,matb_difficult,2,-25.4408359455542,-25.573389298943333,-25.460721175296626,-25.79176629897385,-25.836447216960252,-25.81521432005277,-25.9755971371287,-26.175511282422022,-26.009895010875468,-26.886007481039535,-27.02899227774078,-26.927735528397136,-25.57388410646985,-25.676179430741357,-25.581574975892785,-26.08685136704693,-26.093485179534934,-26.091116083473388,-26.073393920067506,-26.252742949176604,-26.091760220637575,-26.467157650952768,-26.65096472430127,-26.491879255562836,-26.588025399725648,-26.791184841637378,-26.619057514832658,-27.460959015736343,-27.627249092463227,-27.497532704529565,-25.551800824694133,-25.73750354689462,-25.550461473236883,-26.50748421528506,-26.633229983478863,-26.508219269058582,4,0
2,3,nback,zero_back,0,-25.65061243440605,-25.695623060353743,-25.687840869598425,-26.04813760534345,-26.094803863350712,-26.084694985120464,-26.562327716558865,-26.664015926390025,-26.636160614845664,-27.041234307637787,-27.139600008934156,-27.114301029695273,-26.165778759640762,-26.189316548860447,-26.184845550793785,-26.371468921040844,-26.39334344932404,-26.39024008641465,-25.676804411826858,-25.690878680901903,-25.693543946003015,-26.312131893440117,-26.33914454979868,-26.338651436043858,-26.63949715057936,-26.711324806349968,-26.698394685430095,-26.907650941432394,-26.9668486835178,-26.959972917223173,-25.946414289276913,-25.932990579946182,-25.939087711872705,-25.980318598392635,-25.945160451547682,-25.956693811239536,1,0
2,3,nback,one_back,1,-26.069476971428617,-26.39374663438012,-26.339552948963235,-26.023420252428746,-26.31656292290748,-26.27622428998424,-26.12732930735302,-26.745559559993655,-26.606606041741635,-26.68021285767017,-27.330371802191582,-27.197182726353173,-26.398506960224744,-26.622022242198664,-26.57832762828806,-26.833166614042362,-27.044006456137662,-27.01844776987589,-26.494295110887883,-26.69945102578377,-26.670319145198093,-26.65148091126276,-26.898711151841763,-26.87231377280894,-26.576502778280258,-27.064312798439314,-26.980648104011102,-27.035442255138367,-27.532966112455956,-27.44864122262674,-26.509768321031203,-26.631647631491855,-26.616139670302214,-26.902251542543073,-26.966529391420593,-26.98457612650461,8,0
2,3,nback,two_back,2,-25.989543809727216,-26.32402440541243,-26.25891583004246,-25.94985442037666,-26.249028342550485,-26.196638675525072,-26.10012507496332,-26.63574201068189,-26.550403134466688,-26.689374210093707,-27.278209726061572,-27.187540157905268,-26.276787706852474,-26.477437627657967,-26.45927573421743,-26.700691284047934,-26.87191077142845,-26.85660738472484,-26.559976263071793,-26.743134350371772,-26.723930305692786,-26.775758530595652,-26.974139135382217,-26.961873815300407,-26.694921057396236,-27.07881492494061,-27.036432700790904,-27.181288269233175,-27.596132964613158,-27.55376352362022,-26.4073818198695,-26.528990373864772,-26.52682029248291,-26.876268880554893,-26.985755728041767,-26.981011623414915,5,0
2,3,matb,matb_easy,0,-25.472873246767698,-25.575687266226222,-25.5050761169216,-26.045836661605417,-26.131441237174137,-26.092498712046037,-26.46921687071594,-26.6528216075616,-26.579082501759316,-26.970692113571364,-27.147415402528146,-27.093453721295926,-25.99537169459915,-26.059314286000337,-26.023051262668307,-26.15358700059393,-26.19186257339245,-26.171780050329755,-26.103077355115467,-26.17354683456722,-26.13110011567869,-26.758567377231728,-26.8353006500706,-26.805693348364205,-26.942983478512144,-27.07924676454079,-27.039297382576528,-27.41124685609801,-27.5408888173527,-27.50896635596269,-26.432548154524614,-26.485412628033266,-26.456689989811128,-26.677333003943087,-26.711399075265952,-26.68751080222188,2,0
2,3,matb,matb_medium,1,-24.798018406635084,-24.887385903133733,-24.828748589820794,-25.323639174562842,-25.38919922224387,-25.36537526816513,-25.25875077211161,-25.318749996435297,-25.333250572462532,-25.773654080305747,-25.78464629054969,-25.846139447275345,-25.337449492772404,-25.40806607992926,-25.355804559353068,-25.694111425139955,-25.73713799034922,-25.71063893249479,-25.61889105588971,-25.693617440643937,-25.64574517246848,-26.224826027359846,-26.282908925298777,-26.256214461813745,-26.178918974723423,-26.211283192191157,-26.230108005696497,-26.764595625248692,-26.788972785246063,-26.819293179207335,-25.77972131612738,-25.855972122479745,-25.79643347708842,-26.303868206144593,-26.36400188348439,-26.31955292496946,3,0
2,3,matb,matb_difficult,2,-25.802222628124767,-25.886585978317154,-25.802222628124767,-25.838614044381,-25.863136060011676,-25.838614044381,-25.865400048575566,-25.960978097452134,-25.865400048575566,-26.610261278915154,-26.63094631661216,-26.610261278915154,-25.753384673772462,-25.786309855730337,-25.753384673772462,-26.24248701909917,-26.25877054105853,-26.24248701909917,-26.35250045503594,-26.394771363680427,-26.35250045503594,-26.635952941241342,-26.658679930550974,-26.635952941241342,-26.571816870404223,-26.601182388759682,-26.571816870404223,-27.22685415065168,-27.244714504552512,-27.22685415065168,-25.945468755343775,-25.9635413925596,-25.945468755343775,-26.651908953942545,-26.664517577916875,-26.651908953942545,6,0
3,1,nback,zero_back,0,-25.890672791204818,-26.010927896091463,-25.97674819499428,-25.912295988392128,-25.933981272186106,-25.918371139427684,-26.301192927778732,-26.365091921108842,-26.34378736886379,-26.64664358636689,-26.66228391934017,-26.649640306470904,-26.066268415503426,-26.114854370958014,-26.08232402597071,-26.167521463540343,-26.20540940020745,-26.175180382461885,-26.560475994235095,-26.60998966395532,-26.601177565847806,-26.68664872433522,-26.677063641781853,-26.684156023734992,-26.778755729521315,-26.78206823775671,-26.8087122503223,-27.24330697882085,-27.209176447557457,-27.241045309273694,-26.337086259512006,-26.3354966615501,-26.339411629198768,-26.358315493299752,-26.349511726985003,-26.351950628107627,1,0
3,1,nback,one_back,1,-25.81141365143224,-25.937429667966757,-25.881909230094713,-25.79468175787068,-25.885035395767904,-25.807883475593435,-26.322185350956097,-26.368762418317065,-26.33945642811802,-26.634793108373284,-26.683577483347406,-26.644490951833948,-26.017641316266413,-26.089536758700007,-26.043673754596174,-26.10942244741896,-26.15991396305186,-26.128391318270882,-26.523543723676397,-26.61932976718058,-26.592611043408773,-26.65680494897641,-26.713575559214217,-26.666554229764483,-26.83389040210774,-26.897213705766397,-26.85679911546006,-27.300121773803507,-27.352226746286142,-27.310127514316655,-26.302761084406615,-26.353200903877543,-26.327266141742502,-26.278373819467298,-26.30147942132663,-26.279971899675942,4,0
3,1,nback,two_back,2,-25.84171065035707,-25.94908360230654,-25.91645129753137,-25.773873937529107,-25.822434191495393,-25.80680874115548,-26.183293146308067,-26.239885634990856,-26.227455932540806,-26.567784592536942,-26.595699334060807,-26.593911993951654,-25.96105537366888,-26.022415191805248,-25.995452866434565,-26.111629340916696,-26.15467498114858,-26.13111066673973,-26.577018791235652,-26.68615980199361,-26.652249382377722,-26.71888902805272,-26.75653083377887,-26.738458139410994,-26.812260024677613,-26.87644982547222,-26.845355850130712,-27.34374688498685,-27.391873716100942,-27.370573959077547,-26.329442751116492,-26.40432183809354,-26.367455015955674,-26.37858380729881,-26.421954628438417,-26.393727910058416,5,0
3,1,matb,matb_easy,0,-25.899749886812618,-25.899644959723133,-25.899749886812618,-25.873883059945772,-25.875212653181578,-25.873883059945772,-26.232293626655288,-26.21714652296328,-26.232293626655288,-26.42413671706646,-26.39861485633297,-26.42413671706646,-25.799153662950765,-25.777718541161562,-25.799153662950765,-25.800386025049967,-25.769007498718324,-25.800386025049967,-26.491364198686995,-26.484116236235437,-26.491364198686995,-26.64829432844896,-26.598937316869222,-26.64829432844896,-26.36726028139206,-26.379943843558006,-26.36726028139206,-26.9425354484556,-26.956208251881726,-26.9425354484556,-26.15470201106224,-26.151473783100332,-26.15470201106224,-26.146471059439722,-26.159516066106413,-26.146471059439722,8,0
3,1,matb,matb_medium,1,-25.80915376461997,-25.80627746527206,-25.80915376461997,-25.73245537078229,-25.733161880417196,-25.73245537078229,-26.115088519705118,-26.126271863204252,-26.115088519705118,-26.401754908095057,-26.40220667442127,-26.401754908095057,-25.638434894766384,-25.6344413554877,-25.638434894766384,-25.55848270025516,-25.553913574823504,-25.55848270025516,-26.445366406715433,-26.44730220921018,-26.445366406715433,-26.577206958229223,-26.580862231184682,-26.577206958229223,-26.242828237780323,-26.247098150941525,-26.242828237780323,-26.83420862714722,-26.834063861496507,-26.83420862714722,-26.057404016405144,-26.059345342623914,-26.057404016405144,-26.020479972644186,-26.022284806295204,-26.020479972644186,6,0
3,1,matb,matb_difficult,2,-25.66540157579293,-25.823245447124002,-25.68302111810467,-25.601847219598014,-25.745319095339177,-25.603002426683737,-26.015943214784368,-26.074833847599205,-26.016510998391166,-26.33835530177381,-26.343806424024926,-26.341627798637223,-25.5357855869752,-25.598529853942647,-25.534983977548304,-25.498062083483404,-25.57308801632347,-25.496712255158975,-26.38751982967698,-26.519614704313124,-26.404843290904708,-26.512840725297387,-26.64054484864589,-26.512104323976114,-26.23823133095119,-26.393311274896938,-26.24140999316079,-26.861310517510468,-26.947260884951184,-26.865457003715722,-26.022840443069857,-26.109185148889047,-26.02558469241736,-26.036461683245818,-26.1385027085969,-26.03938208050676,3,0
3,2,nback,zero_back,0,-26.15288502067032,-26.18440672029603,-26.175559250837704,-26.13219961144785,-26.139766197116554,-26.13946774458218,-26.37629128824745,-26.39612429146185,-26.3914990494432,-26.74627354096009,-26.75093645544397,-26.74749829680975,-26.193848322453277,-26.207445842765985,-26.20650266415389,-26.237655477350955,-26.242356329726533,-26.248706401647315,-26.734275784482673,-26.758332932609903,-26.751184823389597,-26.839127351819343,-26.846345057439486,-26.843285294397987,-26.90072447568108,-26.91424849023225,-26.91086445993673,-27.266911295539987,-27.266184756302255,-27.265986027333557,-26.361537099686903,-26.37095343129473,-26.370388587028312,-26.31164378229347,-26.30662187932968,-26.31180794186199,7,0
3,2,nback,one_back,1,-25.984925184283977,-26.0627389279582,-26.0627389279582,-26.036784674546176,-26.05335692210177,-26.05335692210177,-26.265844386951642,-26.308463453966155,-26.308463453966155,-26.710117176827445,-26.725017615356045,-26.725017615356045,-26.095798332992064,-26.116025387562587,-26.116025387562587,-26.12983965407185,-26.136434022767535,-26.136434022767535,-26.708296055740004,-26.758556000945244,-26.758556000945244,-26.840884851128568,-26.861650868904327,-26.861650868904327,-26.971554147768448,-27.029892026817222,-27.029892026817222,-27.38615621965343,-27.414708952275358,-27.414708952275358,-26.39203236212671,-26.433125219030828,-26.433125219030828,-26.375365130108065,-26.39495613630884,-26.39495613630884,5,0
3,2,nback,two_back,2,-25.935097814604564,-26.091280801226937,-26.047116073401472,-26.003610840856492,-26.066606184340557,-26.050812500993345,-25.99443256624143,-26.18489958033632,-26.151387307187324,-26.500621099934804,-26.660107218424784,-26.613894228568313,-26.123161018429368,-26.16739849549585,-26.143898940086718,-26.16664893354043,-26.194046266289877,-26.17736638570546,-26.710966331186018,-26.81644697505333,-26.786434168531827,-26.897746436405978,-26.948550801777728,-26.930058452765213,-26.85553051052361,-27.01725292078572,-26.97334747968779,-27.266924896481058,-27.415282887643993,-27.367890553013893,-26.494999113368618,-26.53018894612469,-26.51205206844644,-26.418976900329476,-26.427386300619286,-26.41726188076744,2,0
3,2,matb,matb_easy,0,-25.809389262735376,-25.809389262735376,-25.809389262735376,-25.90391721147218,-25.90391721147218,-25.90391721147218,-25.907874703354384,-25.907874703354384,-25.907874703354384,-26.477250855933537,-26.477250855933537,-26.477250855933537,-25.733022289316146,-25.733022289316146,-25.733022289316146,-25.861265861067576,-25.861265861067576,-25.861265861067576,-26.45870480589516,-26.45870480589516,-26.45870480589516,-26.751495385074676,-26.751495385074676,-26.751495385074676,-26.3214109067569,-26.3214109067569,-26.3214109067569,-26.909682655148856,-26.909682655148856,-26.909682655148856,-26.226716944230578,-26.226716944230578,-26.226716944230578,-26.26962044299624,-26.26962044299624,-26.26962044299624,6,0
3,2,matb,matb_medium,1,-25.738327979436015,-25.758728258618966,-25.751422005855922,-25.90673607919145,-25.92376798413052,-25.919185580548525,-25.781064806787917,-25.7907864229571,-25.791318708587326,-26.34577686282862,-26.360972735379363,-26.361681542081666,-25.53126206245713,-25.66227409106595,-25.657323313487847,-25.55688718657899,-25.73017754676103,-25.725648712287082,-26.387422022521747,-26.4136302753348,-26.408005049645226,-26.699887150889005,-26.71940779861783,-26.712973071972055,-26.085335630551853,-26.101223220324247,-26.11156838365679,-26.840295791393277,-26.860584865578257,-26.867664974039066,-26.05766842193091,-26.176527386425263,-26.173158137384572,-26.074429629100248,-26.231872302403787,-26.22951969273224,1,0
3,2,matb,matb_difficult,2,-25.61744761650781,-25.635491391278688,-25.61767076885771,-25.727962831095454,-25.74853149033517,-25.731165044257374,-25.741747619773612,-25.774411191021223,-25.747052302675502,-26.324249076624426,-26.32753369712192,-26.32469931970817,-25.504126028925196,-25.51479951965065,-25.504288253261514,-25.58186226659797,-25.59054056291773,-25.58294181992031,-26.32958497929062,-26.34428851153049,-26.330748957205582,-26.62840973704177,-26.645725512923157,-26.632692021507246,-26.165906503541795,-26.174876737271926,-26.169432654764094,-26.74592653444102,-26.74785879224963,-26.747332066023276,-26.055494012059746,-26.07089591076663,-26.05763147788478,-26.153339273701267,-26.160071531874713,-26.155740170057012,3,0
3,3,nback,zero_back,0,-25.745528416490743,-25.81652226411599,-25.81652226411599,-25.915301753164577,-25.92984393719535,-25.92984393719535,-26.180650545170042,-26.206066470486334,-26.206066470486334,-26.548182045977974,-26.56470332356817,-26.56470332356817,-25.994970626110625,-26.018295216663002,-26.018295216663002,-26.288222632445414,-26.29901548764318,-26.29901548764318,-26.443496948922846,-26.48151461355522,-26.48151461355522,-26.649237941313775,-26.670201119938177,-26.670201119938177,-26.661469018039405,-26.682871939335953,-26.682871939335953,-27.083886863844548,-27.095095791324702,-27.095095791324702,-26.174463647994862,-26.202160011644317,-26.202160011644317,-26.48600495657511,-26.491557723975905,-26.491557723975905,4,0
3,3,nback,one_back,1,-25.59710060103461,-25.69882769940509,-25.69882769940509,-25.753597589428402,-25.840634988864267,-25.840634988864267,-26.078550369826228,-26.18266115844601,-26.18266115844601,-26.456542810217936,-26.516405967804335,-26.516405967804335,-25.943711011448872,-25.97531673896455,-25.97531673896455,-26.22405896081664,-26.24553295490264,-26.24553295490264,-26.333552817593343,-26.396891842009445,-26.396891842009445,-26.513953229215776,-26.567032840424368,-26.567032840424368,-26.756274574724138,-26.81457692436797,-26.81457692436797,-27.091967722320142,-27.121915588429275,-27.121915588429275,-26.147136119589764,-26.15458377633964,-26.15458377633964,-26.442454642998598,-26.44469285235662,-26.44469285235662,2,0
3,3,nback,two_back,2,-25.677355496483585,-25.736011172794964,-25.690165788396076,-25.787946389845196,-25.81295415976743,-25.788769844789453,-26.063073333667035,-26.122106184887393,-26.07892856283605,-26.47537352275037,-26.519573126438594,-26.497283321030647,-25.93012930000288,-25.985677770928437,-25.954522665622655,-26.249441953497474,-26.265583455479362,-26.25550150157353,-26.489075868881706,-26.556101866956563,-26.506877165815933,-26.655433788816392,-26.707379418338476,-26.665922437410217,-26.788987450522345,-26.87431817587468,-26.814555109886847,-27.292285174894786,-27.352596567002465,-27.310314708965667,-26.223564346826347,-26.322921615300512,-26.26364818396745,-26.623076570103503,-26.669570553795957,-26.639841304853395,5,0
3,3,matb,matb_easy,0,-25.66993157552456,-25.694325225195623,-25.66088422222664,-25.816122297313505,-25.83200594272753,-25.805284937338598,-26.069428563214384,-26.088915206956266,-26.064168737684493,-26.46659123841665,-26.465225540898242,-26.464671466170067,-25.73793055938096,-25.756011722680345,-25.74843067731999,-26.06990108826973,-26.06597610835381,-26.06673977015241,-26.273351874021408,-26.29947446638785,-26.272435218118698,-26.57398469971293,-26.595111355168097,-26.568359339275425,-26.44297956833325,-26.457881614794925,-26.443867676985924,-26.979843779811393,-26.987279617689225,-26.980900645046354,-26.141996396126974,-26.15896268153963,-26.150296021927304,-26.457240670537683,-26.468233026142332,-26.461323879161522,3,0
3,3,matb,matb_medium,1,-25.323865761738602,-25.341974094716477,-25.341974094716477,-25.600173651403974,-25.617467341517628,-25.617467341517628,-25.761116630014964,-25.779805670772323,-25.779805670772323,-26.344052300168144,-26.350059152848036,-26.350059152848036,-25.547950067886596,-25.548043970096952,-25.548043970096952,-25.85933885892589,-25.859831241572024,-25.859831241572024,-26.06926131435017,-26.085972580097163,-26.085972580097163,-26.46817484103535,-26.481396246725144,-26.481396246725144,-26.076582595277944,-26.092031027508344,-26.092031027508344,-26.709532948737007,-26.72528393182496,-26.72528393182496,-25.977621485460006,-25.989915044142514,-25.989915044142514,-26.315294122817512,-26.329791920596286,-26.329791920596286,1,0
3,3,matb,matb_difficult,2,-25.309146498848925,-25.313797320993174,-25.30777631535815,-25.53263790799641,-25.52994259756808,-25.52663949726888,-25.711816674469144,-25.703827808028784,-25.702678811297332,-26.257708684582617,-26.250186939824403,-26.25282059849299,-25.4726790292917,-25.4697764937932,-25.467808726092144,-25.774350042343926,-25.762357838776367,-25.767122193324965,-26.095325144985154,-26.089815492450033,-26.08429078955852,-26.39191778105345,-26.387057371878193,-26.382974398683913,-26.127475722589914,-26.080101208618625,-26.1078848408205,-26.763437682766096,-26.723861789859566,-26.74610824831477,-25.960322283252367,-25.9512397339936,-25.95225566904442,-26.310388338836745,-26.29469857768569,-26.300954733944852,7,0
4,1,nback,zero_back,0,-28.807646818645342,-28.81211845042809,-28.807646818645342,-28.78333593885966,-28.783964813519066,-28.78333593885966,-28.191027811426146,-28.19783149871466,-28.191027811426146,-28.275422818022065,-28.275302323785343,-28.275422818022065,-28.298402599799658,-28.30349048737479,-28.298402599799658,-28.691862667853364,-28.683312070973187,-28.691862667853364,-28.97987432858726,-28.98987147442574,-28.97987432858726,-29.01861182142821,-29.022940826275875,-29.01861182142821,-28.015377356603125,-28.019073497755375,-28.015377356603125,-27.904945401480504,-27.89296087544032,-27.904945401480504,-28.154343025415766,-28.15164254795491,-28.154343025415766,-28.61792947987397,-28.606047675626694,-28.61792947987397,6,0
4,1,nback,one_back,1,-28.801811690682154,-28.801811690682154,-28.801811690682154,-28.8228124890151,-28.8228124890151,-28.8228124890151,-28.27170687279169,-28.27170687279169,-28.27170687279169,-28.356874671403343,-28.356874671403343,-28.356874671403343,-28.339404611638187,-28.339404611638187,-28.339404611638187,-28.76243381840307,-28.76243381840307,-28.76243381840307,-29.026841624657234,-29.026841624657234,-29.026841624657234,-29.100819617092792,-29.100819617092792,-29.100819617092792,-28.1598680682979,-28.1598680682979,-28.1598680682979,-27.982086001546165,-27.982086001546165,-27.982086001546165,-28.17351055976474,-28.17351055976474,-28.17351055976474,-28.65394769458069,-28.65394769458069,-28.65394769458069,8,0
4,1,nback,two_back,2,-28.75776781518406,-28.75776781518406,-28.75776781518406,-28.74500344532114,-28.74500344532114,-28.74500344532114,-28.274769615663754,-28.274769615663754,-28.274769615663754,-28.484283668661146,-28.484283668661146,-28.484283668661146,-28.441641303760726,-28.441641303760726,-28.441641303760726,-28.999590063847812,-28.999590063847812,-28.999590063847812,-29.05080019631391,-29.05080019631391,-29.05080019631391,-29.076195052338498,-29.076195052338498,-29.076195052338498,-28.15050794426893,-28.15050794426893,-28.15050794426893,-28.0578926903093,-28.0578926903093,-28.0578926903093,-28.316903488882755,-28.316903488882755,-28.316903488882755,-28.8852631596632,-28.8852631596632,-28.8852631596632,5,0
4,1,matb,matb_easy,0,-28.795331541211596,-28.795331541211596,-28.795331541211596,-28.751513020104547,-28.751513020104547,-28.751513020104547,-28.273950014263356,-28.273950014263356,-28.273950014263356,-28.513518753131976,-28.513518753131976,-28.513518753131976,-28.294038937063803,-28.294038937063803,-28.294038937063803,-29.123279845000507,-29.123279845000507,-29.123279845000507,-29.241197161415467,-29.241197161415467,-29.241197161415467,-29.298014230392678,-29.298014230392678,-29.298014230392678,-28.592495438193755,-28.592495438193755,-28.592495438193755,-28.848081964479544,-28.848081964479544,-28.848081964479544,-28.75671541288722,-28.75671541288722,-28.75671541288722,-29.36477910701571,-29.36477910701571,-29.36477910701571,3,0
4,1,matb,matb_medium,1,-28.632965114246087,-28.632965114246087,-28.632965114246087,-28.618327679334772,-28.618327679334772,-28.618327679334772,-28.10594156582396,-28.10594156582396,-28.10594156582396,-28.32755379017393,-28.32755379017393,-28.32755379017393,-28.003965070469498,-28.003965070469498,-28.003965070469498,-29.063245719318797,-29.063245719318797,-29.063245719318797,-29.1081309019614,-29.1081309019614,-29.1081309019614,-29.20071615573489,-29.20071615573489,-29.20071615573489,-28.491522634906154,-28.491522634906154,-28.491522634906154,-28.723429129103234,-28.723429129103234,-28.723429129103234,-28.424699546792965,-28.424699546792965,-28.424699546792965,-29.296499604752547,-29.296499604752547,-29.296499604752547,2,0
4,1,matb,matb_difficult,2,-28.699293006701158,-28.699293006701158,-28.699293006701158,-28.65698770743615,-28.65698770743615,-28.65698770743615,-28.158060812441423,-28.158060812441423,-28.158060812441423,-28.410033206782533,-28.410033206782533,-28.410033206782533,-28.098653603553387,-28.098653603553387,-28.098653603553387,-29.10892594317589,-29.10892594317589,-29.10892594317589,-29.107123734237945,-29.107123734237945,-29.107123734237945,-29.17511373945299,-29.17511373945299,-29.17511373945299,-28.497592980988816,-28.497592980988816,-28.497592980988816,-28.849744523818682,-28.849744523818682,-28.849744523818682,-28.525324188496757,-28.525324188496757,-28.525324188496757,-29.384461520722652,-29.384461520722652,-29.384461520722652,4,0
4,2,nback,zero_back,0,-25.0700153196189,-25.070850056443998,-25.0700153196189,-25.197152743975185,-25.189992906127383,-25.197152743975185,-25.388562872552,-25.376651929039486,-25.388562872552,-25.177028095470142,-25.134357005937517,-25.177028095470142,-25.27636501930468,-25.26369767946447,-25.27636501930468,-25.33985200961593,-25.333085014267283,-25.33985200961593,-25.115233851875303,-25.080875491899356,-25.115233851875303,-25.240604109922735,-25.20153739040646,-25.240604109922735,-25.256929228693334,-25.206365721799635,-25.256929228693334,-24.806543929450523,-24.72962601190485,-24.806543929450523,-25.18485605377769,-25.139030802157304,-25.18485605377769,-25.27710399103012,-25.237219804492984,-25.27710399103012,6,0
4,2,nback,one_back,1,-25.416099571828724,-25.419508836067656,-25.416099571828724,-25.51523031380191,-25.514561604291146,-25.51523031380191,-25.766523187661093,-25.77111415544922,-25.766523187661093,-25.89846450619444,-25.899712873034296,-25.89846450619444,-25.732458366236646,-25.741607928731142,-25.732458366236646,-25.732838445460207,-25.74235719868387,-25.732838445460207,-25.737724052849096,-25.74642331571857,-25.737724052849096,-25.847965625875553,-25.852768057792876,-25.847965625875553,-25.703180635454675,-25.70399002606858,-25.703180635454675,-25.42950808329224,-25.422373996387613,-25.42950808329224,-25.85982265272972,-25.871905770377623,-25.85982265272972,-25.90587389970812,-25.9192221923617,-25.90587389970812,3,0
4,2,nback,two_back,2,-25.29749613128665,-25.31247875866389,-25.29749613128665,-25.36577227986248,-25.380422342593363,-25.36577227986248,-25.685655234096707,-25.709619799130664,-25.685655234096707,-25.899407434690907,-25.910960991573646,-25.899407434690907,-25.666313075645014,-25.68068019202944,-25.666313075645014,-25.68282452502981,-25.697787811815193,-25.68282452502981,-25.75218919170061,-25.766919174531413,-25.75218919170061,-25.845551668745756,-25.856359565371182,-25.845551668745756,-25.73563412846275,-25.735027852998957,-25.73563412846275,-25.43966743562334,-25.42371735040793,-25.43966743562334,-25.869114039558625,-25.88815399330069,-25.869114039558625,-25.913094539990873,-25.933691976630648,-25.913094539990873,2,0
4,2,matb,matb_easy,0,-25.245086149295446,-25.26712550017712,-25.245086149295446,-25.560308490317905,-25.581052957177743,-25.560308490317905,-25.463390934239705,-25.486706601463215,-25.463390934239705,-26.02144822715555,-26.033512349909273,-26.02144822715555,-25.744409900929316,-25.76333604592275,-25.744409900929316,-25.73344331367995,-25.752955157403704,-25.73344331367995,-25.80102249879899,-25.815892910870677,-25.80102249879899,-26.02091970578018,-26.038296863539117,-26.02091970578018,-25.91554906119244,-25.923076094853997,-25.91554906119244,-26.014888976386157,-26.014671187038353,-26.014888976386157,-26.107118906089646,-26.117412014784712,-26.107118906089646,-26.13925311366646,-26.150483671252776,-26.13925311366646,8,0
4,2,matb,matb_medium,1,-24.895287315407725,-25.094449379509495,-24.895287315407725,-25.21434155073621,-25.32046083573158,-25.21434155073621,-25.10450206898925,-25.346286610734207,-25.10450206898925,-25.802925711065228,-25.877557626564673,-25.802925711065228,-25.318852593961655,-25.413703014268325,-25.318852593961655,-25.290627511597684,-25.3667656868406,-25.290627511597684,-25.72659122410495,-25.751559678663625,-25.72659122410495,-25.912412754158105,-25.93268345557426,-25.912412754158105,-25.794492820406784,-25.859016352977566,-25.794492820406784,-26.015233253028875,-26.02264267617884,-26.015233253028875,-25.754631851601825,-25.86422188462861,-25.754631851601825,-25.758279145900655,-25.859668615362956,-25.758279145900655,4,0
4,2,matb,matb_difficult,2,-24.87929907072176,-25.233685510011295,-24.87929907072176,-25.24069359002766,-25.398691277937353,-25.24069359002766,-25.081811927704813,-25.51130144387113,-25.081811927704813,-25.814978479419082,-25.943278613679883,-25.814978479419082,-25.334184948975533,-25.51002183127411,-25.334184948975533,-25.306839716602653,-25.474000084315698,-25.306839716602653,-25.74385576357009,-25.926846285831857,-25.74385576357009,-25.924895721655677,-26.122172182609138,-25.924895721655677,-25.856406203020768,-26.09054225628096,-25.856406203020768,-26.146121975216364,-26.32156220194622,-26.146121975216364,-25.724345193000328,-25.995528299202373,-25.724345193000328,-25.710659541585894,-26.005768887409754,-25.710659541585894,5,0
4,3,nback,zero_back,0,-24.720428748020613,-24.735534874208522,-24.712931058997125,-24.85079804863777,-24.86589378647267,-24.840297405664202,-25.09753669838153,-25.117744530089478,-25.10503626897457,-24.92796186816953,-24.918790366580037,-24.906970564069873,-24.541970144983654,-24.53965881360176,-24.520174561877234,-24.254548453916854,-24.24175615340844,-24.21800219178139,-24.6713063585197,-24.67343623860801,-24.652231323040798,-24.738099957281705,-24.73720125497242,-24.712762765152743,-25.0644800897776,-25.067517303613002,-25.05682888406605,-24.755589059546022,-24.729093685255652,-24.72650954612009,-24.379256538006654,-24.373062009440858,-24.357103529992017,-24.021933370834354,-24.00755805195082,-23.98876209376957,8,0
4,3,nback,one_back,1,-25.15312419814507,-25.141286253966534,-25.15312419814507,-25.20613753557657,-25.183122477454123,-25.20613753557657,-25.45719466532431,-25.461285537216565,-25.45719466532431,-25.537290996063614,-25.508682155874993,-25.537290996063614,-25.06068857466675,-25.036463420240153,-25.06068857466675,-24.988999778837204,-24.951049341331327,-24.988999778837204,-25.266446939498906,-25.229095378066972,-25.266446939498906,-25.294721826242377,-25.249552709043446,-25.294721826242377,-25.445887521415184,-25.429378408166677,-25.445887521415184,-25.255590737760258,-25.21924567277235,-25.255590737760258,-24.966537821510798,-24.923601906799735,-24.966537821510798,-24.796578278926038,-24.7416344878629,-24.796578278926038,5,0
4,3,nback,two_back,2,-25.360943472237548,-25.38515936417059,-25.36304490967083,-25.462654778112782,-25.476843733404234,-25.464740096656712,-25.68995619513301,-25.71403566746972,-25.69070989255807,-26.06108800240039,-26.07028591442641,-26.059027391321646,-25.474033136418775,-25.506199707318764,-25.4961792013174,-25.7280566213016,-25.734798900550445,-25.72901532810906,-25.737233729763517,-25.73519274219674,-25.734963112027454,-25.80801067867499,-25.801000314756372,-25.808261961882206,-25.764190399885607,-25.754560485795153,-25.763538408551415,-25.64634653628783,-25.61963467218818,-25.64729574813949,-25.47770022240437,-25.473418209953664,-25.48497272145818,-25.574747335290592,-25.556324718507454,-25.574149919620492,2,0
4,3,matb,matb_easy,0,-25.092125130693457,-25.126394093002787,-25.08840275385072,-25.51780439677499,-25.530947317179987,-25.510917737625842,-25.223978414134795,-25.256065964499587,-25.22314140281461,-26.073955320744872,-26.064831467204993,-26.07403197701357,-25.47447849695462,-25.481168733221377,-25.47436721717355,-25.752488165933492,-25.746635045673695,-25.75551875591079,-25.7692101604056,-25.793586661016917,-25.77552150708162,-26.017582075615042,-26.03687797092492,-26.028016982150397,-25.7450967415893,-25.75473139316118,-25.75217374213641,-26.051303882744495,-26.029133276331383,-26.05658569677773,-25.794286202734998,-25.812552662611928,-25.802739559828773,-25.93342546776363,-25.966518350173768,-25.951196965326,1,0
4,3,matb,matb_medium,1,-24.84432391883136,-25.20498359328874,-24.84432391883136,-25.26421906995394,-25.422730519747446,-25.26421906995394,-25.024218445361658,-25.378175887762538,-25.024218445361658,-25.940639309108978,-26.036498332632462,-25.940639309108978,-25.21154513025478,-25.341436557077344,-25.21154513025478,-25.609748083831448,-25.722560775405316,-25.609748083831448,-25.83420374116876,-25.943622764553098,-25.83420374116876,-26.094555258430052,-26.203262013987853,-26.094555258430052,-25.826581561214304,-25.93029690355174,-25.826581561214304,-26.29041940592974,-26.355270919377034,-26.29041940592974,-25.768235201516507,-25.930538636774017,-25.768235201516507,-26.102412569985187,-26.19803636181696,-26.102412569985187,4,0
4,3,matb,matb_difficult,2,-24.62756905982703,-24.964246854165946,-24.62756905982703,-25.106422428799423,-25.212323834874677,-25.106422428799423,-24.87651952608045,-25.138038745364423,-24.87651952608045,-25.827819178846816,-25.83167424644741,-25.827819178846816,-25.012747011657904,-25.07484994507847,-25.012747011657904,-25.43881065322217,-25.47646830848137,-25.43881065322217,-25.686647366864793,-25.72258349210458,-25.686647366864793,-25.945269030840347,-25.990131349902658,-25.945269030840347,-25.81612633515022,-25.88056793650583,-25.81612633515022,-26.2749865835945,-26.285283872657402,-26.2749865835945,-25.540253675093393,-25.69584483032398,-25.540253675093393,-25.97082514593731,-25.96526555404232,-25.97082514593731,7,0
5,1,nback,zero_back,0,-25.850978168762637,-25.87598592240136,-25.86435219285329,-26.13639521626498,-26.151482603233642,-26.14402583431263,-26.30174975016898,-26.3312217414789,-26.31615720578414,-26.935580463119678,-26.95986844960542,-26.943681791186332,-26.148863122007715,-26.2064840325237,-26.169665846857363,-26.35072918847812,-26.383736817503067,-26.361117586454395,-25.67278362779762,-25.706600568212515,-25.688753710611177,-26.144259342791422,-26.1627205117079,-26.156974415990465,-26.155764724344635,-26.18973980893383,-26.171395981276437,-26.652585265328547,-26.65628914541558,-26.657628371247892,-25.695183226537715,-25.779756636105137,-25.729658702817023,-25.746379981620617,-25.749614292968047,-25.753575368242526,5,0
5,1,nback,one_back,1,-25.701295511275184,-25.78844967853491,-25.757851499618255,-26.054715745565883,-26.110168484727232,-26.097690860048527,-26.236654869499404,-26.3285463432327,-26.29710507547512,-26.896192277409853,-26.98333904928811,-26.951389274338474,-25.931169570654998,-26.08011667093218,-26.01898899066039,-26.300266194538594,-26.39412635305294,-26.358442275515976,-25.570976560855602,-25.680779076074636,-25.632185721747717,-26.027211212574173,-26.112677204656695,-26.084422842346175,-26.096940309923397,-26.207980015763972,-26.16529133840655,-26.701060216208425,-26.759457073350063,-26.74372289477521,-25.5449616642818,-25.75412830708945,-25.65546121434106,-25.833901577086074,-25.934640556138394,-25.890041522040377,4,0
5,1,nback,two_back,2,-25.727230234233875,-25.832953205511334,-25.76245442478175,-26.139953458404083,-26.181969778875306,-26.154448929007792,-26.246328926416325,-26.32578610491805,-26.269141578064346,-26.952283894927564,-27.012872046154758,-26.973726405326914,-26.04844059863481,-26.177069864918117,-26.09159752881666,-26.33758586969359,-26.428889766121156,-26.365764666964434,-25.618463842935554,-25.776078005477807,-25.654098979570747,-26.134658913662278,-26.277297739907013,-26.17208758415258,-26.156591026388423,-26.28314583574563,-26.189833152949713,-26.77643225740456,-26.859347399157976,-26.799159260619632,-25.626602977674324,-25.85884088664459,-25.695366335144225,-25.83981977657784,-25.982788797843792,-25.86719478267151,6,0
5,1,matb,matb_easy,0,-25.241751352969196,-25.311715923222536,-25.241751352969196,-25.689071675679376,-25.724249825437102,-25.689071675679376,-25.796365488745053,-25.843380950344557,-25.796365488745053,-26.60998970487223,-26.628348208600755,-26.60998970487223,-25.145080203030012,-25.163811565327745,-25.145080203030012,-25.54978200316539,-25.562141457514123,-25.54978200316539,-25.303776150519557,-25.320288988680204,-25.303776150519557,-25.76004115667799,-25.7812037486473,-25.76004115667799,-25.860214889566908,-25.8868205961688,-25.860214889566908,-26.59463379179958,-26.614392661412424,-26.59463379179958,-24.912980293537004,-24.946992889023402,-24.912980293537004,-25.491856868561246,-25.512310995978424,-25.491856868561246,1,0
5,1,matb,matb_medium,1,-24.931744701735763,-25.211030406409822,-24.954834811945528,-25.533539559565,-25.643328235911135,-25.541617537363823,-25.60954248948884,-25.82515138781912,-25.628553461217845,-26.56447188144479,-26.66410779269373,-26.576780362784,-24.97829000009198,-25.134747141135186,-24.998444178619437,-25.313105974038685,-25.375024921514488,-25.31860570737495,-25.217183503436814,-25.408843432986252,-25.24271246300552,-25.694466061031406,-25.87139527336079,-25.7198363885043,-25.79569056062304,-25.982601342030783,-25.82317549274732,-26.561353404931495,-26.690494260329125,-26.583188089086295,-24.806938208389433,-25.102477097297502,-24.846888103346764,-25.401483864384186,-25.485035283270026,-25.41866274447053,2,0
5,1,matb,matb_difficult,2,-24.7567842299734,-24.99187716721213,-24.744748197781895,-25.47978987647935,-25.4565359659394,-25.459429844707408,-25.41377573242115,-25.695006632938377,-25.401863177658516,-26.428001039786846,-26.516295740946568,-26.421881101820706,-24.90563412969509,-24.9630270195215,-24.89592010232181,-25.235119179859872,-25.236220549718166,-25.223594039831912,-25.088993666522867,-25.31787666919766,-25.091372865035382,-25.556115374758747,-25.7341470186385,-25.55011009093614,-25.572855218442136,-25.827867266475415,-25.581147036188845,-26.349167956916187,-26.540896429430727,-26.355615651872018,-24.57691320900248,-25.00150757661122,-24.59173484658433,-25.26304838277436,-25.37371154127894,-25.264437712703767,8,0
5,2,nback,zero_back,0,-25.545973971769126,-25.60575781956853,-25.585323252007086,-26.135322409939214,-26.16303690364143,-26.15075507069381,-26.3072259873706,-26.354221653907896,-26.33084109794661,-27.215694733911832,-27.238132596679517,-27.22723898427425,-26.129701067229437,-26.193717429548613,-26.16997349869831,-26.60701157324688,-26.645697895213324,-26.628580102574226,-25.497917257772748,-25.55562414305548,-25.546006506696525,-26.131984850756385,-26.187566789420213,-26.179964310578026,-26.25224337775849,-26.323099420286237,-26.30069629460822,-26.90902361969659,-26.94671837309372,-26.944895546300863,-25.815319030888098,-25.924600849571608,-25.897805797923255,-26.078452523427995,-26.133042712862924,-26.134036953954574,7,1
5,2,nback,one_back,1,-25.47840897192985,-25.570314778035584,-25.570314778035584,-26.11660083465271,-26.13306128232923,-26.13306128232923,-26.28574385972872,-26.32353385320873,-26.32353385320873,-27.18805227034792,-27.215220614135735,-27.215220614135735,-26.133372397766102,-26.187290189027536,-26.187290189027536,-26.563461229250613,-26.605490919987098,-26.605490919987098,-25.356376820907993,-25.429800169072134,-25.429800169072134,-25.986634216615364,-26.032520677708405,-26.032520677708405,-26.130613195195213,-26.194011736089635,-26.194011736089635,-26.814048886418476,-26.848587304388982,-26.848587304388982,-25.64417515542944,-25.752805254858828,-25.752805254858828,-25.92260005839024,-25.952880588686472,-25.952880588686472,6,1
5,2,nback,two_back,2,-25.533423895206127,-25.616786176383187,-25.561131290863624,-26.147506752531008,-26.196290053682258,-26.171013120396772,-26.328742584169287,-26.388748258770036,-26.35377485852633,-27.264118168133162,-27.30794197210632,-27.286351183193023,-26.159268255781402,-26.24942763036255,-26.20104708821389,-26.64916587688918,-26.718077254583278,-26.679761151053224,-25.61440750779543,-25.712931872217002,-25.65075584121157,-26.227263123272937,-26.316718497543942,-26.26430076531331,-26.355725021531768,-26.45762736994754,-26.39753210841529,-27.07138408952626,-27.142077328886987,-27.103171498377616,-25.937295542215537,-26.083328532702158,-25.995750589620002,-26.272678051297664,-26.367669513166103,-26.309299064081067,8,1
5,2,matb,matb_easy,0,-25.045778355769343,-25.18096310818933,-25.045778355769343,-25.78039805114105,-25.901327693281093,-25.78039805114105,-25.76481278575936,-25.892773400476646,-25.76481278575936,-26.912570511844564,-27.00799568987184,-26.912570511844564,-25.364637670643862,-25.606006548714884,-25.364637670643862,-25.924024853052916,-26.072383436184307,-25.924024853052916,-25.23392844661829,-25.354353767545266,-25.23392844661829,-25.948548668239745,-26.083337399518147,-25.948548668239745,-25.834034135244966,-25.933662867855116,-25.834034135244966,-26.92593937686337,-27.000248146538425,-26.92593937686337,-25.246641704013392,-25.49775900438194,-25.246641704013392,-25.893662010845294,-26.056638420522557,-25.893662010845294,3,1
5,2,matb,matb_medium,1,-24.73959004088987,-25.092411213516616,-24.739514019069826,-25.813841824201898,-25.939454006221112,-25.80743685972874,-25.751445016021496,-25.9247865785534,-25.747615925352047,-26.9684593522393,-27.026741960446774,-26.969565216910155,-25.5558785663171,-25.640187048141136,-25.555708451748917,-25.915865865291597,-26.007503194628317,-25.919831451561077,-25.194183507160954,-25.306290895325706,-25.204504470616275,-26.129069778895165,-26.149137593309515,-26.12185553948517,-25.961402780155147,-25.970247180328432,-25.960970886635256,-27.02122365129531,-27.045863381069818,-27.01955670727009,-25.507323836698447,-25.592221144447898,-25.503132756270535,-26.05751008838003,-26.086068750879168,-26.057234727833002,5,1
5,2,matb,matb_difficult,2,-24.215364851213337,,-24.346328168115647,-25.51553480141619,,-25.532817032561308,-25.313989267111545,,-25.320580968617993,-26.72466420077859,,-26.731704718711644,-25.043056520474256,,-25.059418867517277,-25.605582911202134,,-25.617358549062406,-24.60654311718152,,-24.775756220510846,-25.529016828114408,,-25.556177909037714,-25.38395118438669,,-25.405233324249807,-26.53709083374539,,-26.55447895470033,-24.420530981110655,,-24.43969430543214,-25.421969063701404,,-25.4514171302442,4,1
5,3,nback,zero_back,0,-25.70044803456558,-25.716263744174913,-25.704539346465392,-26.109059959307267,-26.107834933209045,-26.102494434719596,-26.311758763536467,-26.324001839378322,-26.31376380676179,-26.999613465025497,-27.0051146083304,-27.004178771039403,-26.263802734414526,-26.388095883141382,-26.37413178500512,-26.179710769702922,-26.338955882846932,-26.324515354197814,-25.577171778201166,-25.579353303316626,-25.575840006698773,-25.99732312844778,-25.983245577672736,-25.986045796574125,-26.186492883953235,-26.198057360766768,-26.18755453859753,-26.844025330207906,-26.836923513594144,-26.83449588716161,-25.933521993522582,-25.990566283756255,-25.976072370149495,-25.83771146057368,-25.915384852418633,-25.900266138719118,5,0
5,3,nback,one_back,1,-25.698606040713692,-25.743898488992702,-25.698606040713692,-26.108315578817443,-26.122289210369697,-26.108315578817443,-26.245601980023167,-26.270915970248115,-26.245601980023167,-26.99268698170354,-27.00804578271678,-26.99268698170354,-26.39323912458941,-26.430417438222456,-26.39323912458941,-26.339675606142936,-26.381059982020076,-26.339675606142936,-25.69730126674271,-25.734793719192876,-25.69730126674271,-26.047851738523722,-26.081569539357115,-26.047851738523722,-26.2537071636642,-26.291569086325488,-26.2537071636642,-26.92393321553792,-26.949551853060818,-26.92393321553792,-26.025487680547542,-26.08504754111561,-26.025487680547542,-25.91951569217688,-25.982777093262396,-25.91951569217688,8,0
5,3,nback,two_back,2,-25.635376678586393,-25.678254190232085,-25.676552551355297,-26.099088900453427,-26.1138279241149,-26.120592559894675,-26.331141140853063,-26.362266631896695,-26.356815541285147,-27.03708555743298,-27.0618527946098,-27.0582654203553,-26.295348011065396,-26.44114403744484,-26.44146171742913,-26.205039819966583,-26.377263123422914,-26.378622112306076,-25.680290176758138,-25.75746613433783,-25.746595289319828,-26.135789982792083,-26.187998975791125,-26.180815582649018,-26.409907191985596,-26.468457508424137,-26.461679267430483,-27.03597891214446,-27.066216982085315,-27.06691670071711,-26.127590237664965,-26.24953150098204,-26.2387963817569,-26.016059129012156,-26.15516053727772,-26.14345551735924,6,0
5,3,matb,matb_easy,0,-24.947905251007512,-25.021068217319048,-24.947905251007512,-25.659218864426055,-25.698215699915536,-25.659218864426055,-25.425804236972457,-25.46872038967542,-25.425804236972457,-26.63793582356334,-26.660921428805086,-26.63793582356334,-25.746419701060894,-25.793035412419144,-25.746419701060894,-25.747502995281433,-25.797420920574105,-25.747502995281433,-25.329255461541614,-25.35025492635309,-25.329255461541614,-25.87688250127956,-25.898365934966822,-25.87688250127956,-25.95614203531244,-25.97423102902733,-25.95614203531244,-26.848338092762383,-26.861309714960313,-26.848338092762383,-25.728098792318452,-25.762247868238447,-25.728098792318452,-25.776953946779216,-25.81706870690656,-25.776953946779216,3,0
5,3,matb,matb_medium,1,-25.40454207247398,-25.44497636032376,-25.424941296524533,-25.81420964184575,-25.833637409025446,-25.821148587137152,-26.097448094921596,-26.11556206775099,-26.106856490415847,-26.771802129854912,-26.78461862174725,-26.778335997522685,-25.739010901799386,-25.819996514830915,-25.807056982610064,-25.629362677794237,-25.724201434933008,-25.710057844754814,-25.696132296103286,-25.719120981657436,-25.709523810270532,-26.12081266426183,-26.1448606989256,-26.134925682939624,-26.308874871053927,-26.330122088575774,-26.323852476757324,-26.930322853492036,-26.949036231602065,-26.942074504033755,-25.925034262792757,-25.98698204967083,-25.974324169869405,-25.829689629934315,-25.903489065355735,-25.889560550805246,7,0
5,3,matb,matb_difficult,2,-24.044355800282005,-24.507262098750083,-24.044355800282005,-25.138755694596455,-25.341613327243348,-25.138755694596455,-24.550592429677423,-24.919084482883,-24.550592429677423,-26.22881472663698,-26.422566625014156,-26.22881472663698,-25.16767211836606,-25.42409198587512,-25.16767211836606,-25.151396009040617,-25.40967706641802,-25.151396009040617,-24.798431437075344,-25.05324941109326,-24.798431437075344,-25.475630791814424,-25.73367713237198,-25.475630791814424,-25.284599488713337,-25.55094468395287,-25.284599488713337,-26.47838105321958,-26.703492087929398,-26.47838105321958,-24.841982840078565,-25.22214887207978,-24.841982840078565,-24.812032531569653,-25.207672600166333,-24.812032531569653,1,0
6,1,nback,zero_back,0,-25.387903784486898,-25.90515533576555,-25.842205894141326,-25.635092771424578,-25.781753864374593,-25.746323720871843,-25.62950295223024,-26.15711958341828,-26.13444468154037,-26.6453851788773,-26.832628900511978,-26.821815989620024,-25.757125788636618,-25.951277617725157,-25.912469584506063,-25.852715085069825,-25.97997800947264,-25.956242424346605,-25.398910386408645,-25.619154044997757,-25.59345647273187,-25.626954388382064,-25.77003312377773,-25.767097783769184,-25.819486130061374,-26.06047184748825,-26.07519573878845,-26.500770870362143,-26.56944680387741,-26.59489756992351,-25.09117199283714,-25.292487017081744,-25.276433500424897,-24.900018791998406,-25.008328369416578,-25.007853611837056,6,0
6,1,nback,one_back,1,-25.745095806307372,-25.88540998307303,-25.86864848283488,-25.706588346824045,-25.747833713550065,-25.748230144495857,-25.963963027650205,-26.200771364540174,-26.177368716382265,-26.750981381154443,-26.88743992986104,-26.880215919557223,-25.824982705125812,-25.929245499073378,-25.91981925892973,-25.87926722349068,-25.930845566264715,-25.922993637771008,-25.506928355706037,-25.560106993577005,-25.55028701468277,-25.71760471576183,-25.74610516829678,-25.743058323870876,-25.99128898471677,-26.110500992141812,-26.090903746805072,-26.42524904931687,-26.491623745433365,-26.47487624461013,-25.054871042510758,-25.085351472682294,-25.08040608102507,-24.732335475496257,-24.683597306918013,-24.685021782279563,5,0
6,1,nback,two_back,2,-25.61016726315208,-25.907870372541087,-25.876030607534382,-25.73493905599158,-25.816039581822576,-25.80405842277083,-25.811040271725975,-26.236718083310695,-26.19750241125375,-26.801706079993114,-26.95140820538985,-26.93275403899674,-25.815527162978036,-25.954432863076615,-25.94794348004408,-25.938526641998,-26.011963330217515,-26.022949195206664,-25.390147181808803,-25.464467004481545,-25.443535636974197,-25.61275425025578,-25.62395363024845,-25.617230600914876,-25.791992975755708,-25.979365942648553,-25.939358071923063,-26.404280370263294,-26.44145806186768,-26.41617214882487,-24.842637734127948,-24.863784398504905,-24.852038436270497,-24.575959214478054,-24.513094424310747,-24.518482237351048,4,0
6,1,matb,matb_easy,0,-25.861831617971223,-25.975200803236653,-25.901849356344044,-25.811961223399518,-25.881589620780932,-25.827984878272105,-26.218909013405185,-26.329391201999133,-26.2628279251868,-26.953588684265714,-27.029963091778477,-26.99473386345663,-25.94387989346394,-26.000840890148226,-25.953877048226463,-26.00869760262979,-26.04649850615432,-26.021293534965718,-26.29938060253945,-26.39163570464754,-26.309868534802323,-26.40297886557514,-26.482265773392374,-26.411022283421158,-26.654160017473743,-26.767583876591353,-26.690469081211802,-27.174490901181954,-27.26391252111876,-27.202171788871073,-26.058361980262248,-26.1425849861298,-26.060738157404167,-26.123222667572634,-26.159881698560902,-26.126318203870852,8,0
6,1,matb,matb_medium,1,-24.890741262258192,-25.746836998452913,-25.434468387181806,-25.4154788040579,-25.71510070735749,-25.57389801927033,-25.763451359612453,-26.07814471260879,-25.888978036311897,-26.502129785299452,-26.814763376554936,-26.630551905169575,-25.34110372423044,-25.618061333397044,-25.429243560589757,-25.46424750627303,-25.708921517853284,-25.52705694393441,-25.58283477086469,-26.03170951715851,-25.784060474762047,-25.849842249069965,-26.26603240457566,-25.99356035774832,-26.18775657097575,-26.542295356721514,-26.28140489971502,-26.94147664296247,-27.239526402357008,-27.022118816475015,-25.314600511352452,-25.73916530061498,-25.39350907173519,-25.688957513450212,-25.91993142675271,-25.73875255188043,7,0
6,1,matb,matb_difficult,2,-24.49114673363975,-25.842847446711176,-25.639115248932534,-25.418552207043255,-25.791604424949426,-25.68439835136176,-25.74554751417902,-26.1708458353629,-26.036969680425095,-26.604825917518617,-26.992881614130024,-26.838925751074594,-25.25384192073873,-25.680083282747812,-25.52907505223599,-25.46863070260593,-25.736173256537995,-25.687905440641412,-25.306093606100898,-26.05101313066413,-25.938391278698674,-25.799293292804013,-26.23149098889175,-26.160025912884304,-26.129836824152072,-26.44246817966476,-26.4033292384946,-26.96796128930214,-27.207061434740325,-27.180196416719088,-25.144581623856894,-25.639802226045486,-25.506677603171916,-25.64829848550115,-25.849516781831635,-25.870495179964564,3,0
6,2,nback,zero_back,0,-25.503793375398292,-25.59735261420864,-25.5515768714086,-25.70125362987546,-25.721352008216016,-25.721841588157826,-26.004084084991426,-26.07427485963404,-26.03884377839394,-26.550930273032076,-26.622487753228405,-26.585804642512553,-25.82529131690297,-25.879137867611803,-25.856877888622428,-25.828168183286245,-25.901756874485976,-25.857992735839638,-25.307904781855843,-25.30633871309573,-25.321291019479723,-25.454184204875574,-25.42749081422042,-25.45340354706098,-25.759783998747974,-25.761736256890405,-25.772622542182788,-25.71411905060662,-25.686250385352963,-25.70879668205163,-24.957279868433282,-24.962583965739256,-24.965142873725302,-24.65191757962996,-24.629975847930993,-24.642202017845186,2,0
6,2,nback,one_back,1,-25.448826369092735,-25.591506150339026,-25.482526666316396,-25.646482328620152,-25.686231579473002,-25.64999492651779,-25.882072794902875,-25.99062478803369,-25.88542408662335,-26.594272813983565,-26.622104275717252,-26.584838936309225,-25.85998195116947,-25.891695579001162,-25.85642244231781,-25.839409828627947,-25.869730246177824,-25.835340240599773,-25.17590823676293,-25.224201132132105,-25.179220054603967,-25.297889713595488,-25.337728274252008,-25.299125645376463,-25.62408903862874,-25.650391507874765,-25.619763479567766,-25.729239397784774,-25.726409019659922,-25.72230970911016,-24.84235111278344,-24.881407770566522,-24.842364103342543,-24.48432774105035,-24.490200578545092,-24.48226255521823,8,0
6,2,nback,two_back,2,-25.49631724288009,-25.583629990110346,-25.528375485664345,-25.6870548817106,-25.719900354177987,-25.694424601769583,-25.982967356666997,-26.090338807418636,-26.02177592650875,-26.627111225966352,-26.803805229314477,-26.76055472786289,-25.8965059445806,-25.98579789065491,-25.961537446927007,-25.94737785786655,-26.04626029679108,-26.024010573168948,-25.497490895289534,-25.515119818787245,-25.509641595766663,-25.668409394969405,-25.666071177408845,-25.67036045231929,-25.9079360288493,-25.938625116087714,-25.928252219298134,-25.918887915603307,-25.972650651963118,-25.991424315100197,-25.14513680549476,-25.186589688840733,-25.181630843663996,-24.828222145027706,-24.831446418933677,-24.85760455527454,3,0
6,2,matb,matb_easy,0,-25.529673246374205,-25.559215325648655,-25.5365990239354,-25.7660564889096,-25.75653529171462,-25.76360707063615,-25.919973301264385,-25.982664351473456,-25.946359194634265,-26.732550600094488,-26.834205239252736,-26.784021623515468,-25.99786540739409,-26.00689348879875,-26.001304869182544,-26.066540277187936,-26.071030342799055,-26.066799299176324,-26.028220091843387,-26.04603116857246,-26.034962398678726,-26.252676534988932,-26.24869591891491,-26.248918179916313,-26.30805318383751,-26.362189485715707,-26.33105318988471,-26.797044452091097,-26.8873050398517,-26.83589828858228,-25.934970320226505,-25.960171942294718,-25.942459613855238,-25.983537379510942,-25.997354196957623,-25.987219033721416,7,0
6,2,matb,matb_medium,1,-24.95839474922976,-25.039528728754316,-24.95839474922976,-25.422901416487726,-25.46126344849323,-25.422901416487726,-25.400793602554756,-25.472172750932828,-25.400793602554756,-26.491140984361206,-26.533435412274912,-26.491140984361206,-25.554073037587532,-25.59274834153911,-25.554073037587532,-25.50869897287128,-25.5444715328276,-25.50869897287128,-25.81973807691086,-25.841698716899533,-25.81973807691086,-26.120163688575328,-26.13704725339166,-26.120163688575328,-26.088348216507153,-26.108167481283292,-26.088348216507153,-26.872142415048597,-26.896301659090728,-26.872142415048597,-25.610233903646822,-25.63438657418668,-25.610233903646822,-25.59667153906952,-25.617509044289505,-25.59667153906952,4,0
6,2,matb,matb_difficult,2,-24.796494568819742,-25.106281663664543,-24.80019733739563,-25.33524492370611,-25.473482614560176,-25.33623774828417,-25.404175401561467,-25.735717009907873,-25.408161619768677,-26.40999305139481,-26.618186054211016,-26.42425229917659,-25.175283684217522,-25.478324699964226,-25.299873180744946,-25.27502191960628,-25.4439589606704,-25.276320485913363,-25.554393526974984,-25.673490469308717,-25.555798919665662,-25.959045569547733,-26.0579804470325,-25.959572812923817,-26.042000697550176,-26.181218174448244,-26.043657206968255,-26.699425907078837,-26.792443684964265,-26.70086378476357,-25.125982624162656,-25.36536648999754,-25.194151732911426,-25.335537796355183,-25.479054297332972,-25.327602120447832,1,0
6,3,nback,zero_back,0,-25.33513318003789,-25.42272013915783,-25.414597664071632,-25.74722340721568,-25.740038205663218,-25.739323475501052,-26.354381657495303,-26.410744708738548,-26.38752864461467,-26.620066685608343,-26.674216369177103,-26.640084055494498,-25.47825181243359,-25.522912784842987,-25.516125876592376,-25.66322310382311,-25.645572044419207,-25.647477194877162,-25.074832961922848,-25.004214267451268,-25.011932483518756,-25.410422931502023,-25.325363343076226,-25.33258582916568,-25.927427575671967,-25.875209650679658,-25.87306817183455,-26.113621125056806,-26.046112248940034,-26.04536524828452,-24.51080193735037,-24.436710475412276,-24.450892893104818,-24.426869199805534,-24.29515954687598,-24.3217112099887,1,0
6,3,nback,one_back,1,-25.793058063724864,-25.947613756621283,-25.92315004617783,-25.878036244392682,-25.899035914300402,-25.908975461292716,-26.367869730366067,-26.4110094570515,-26.4082415932436,-26.66819553262195,-26.70427815607188,-26.717485454906175,-25.653692284558428,-25.662979036916095,-25.679099196940268,-25.822877527580896,-25.79688137483463,-25.827948516866968,-25.574833388378714,-25.59849173190155,-25.592685151209626,-25.562960723680554,-25.56223413880248,-25.56119358746119,-25.898451377458827,-25.895381465570434,-25.89934992092771,-26.15894191461884,-26.138293174078072,-26.158803160672374,-24.640615045592135,-24.641355864378543,-24.64486847808108,-24.566687741663806,-24.544387773707157,-24.555648580140446,4,0
6,3,nback,two_back,2,-25.298848819601847,-25.370956878124556,-25.35235679575145,-25.686932647841306,-25.68645529286227,-25.69274254780186,-26.216872586284026,-26.258446316429847,-26.25893257610796,-26.53658649423425,-26.562838534359663,-26.567463610033805,-25.579229935735594,-25.61219846548446,-25.60512381297799,-25.736194511415185,-25.751819188970785,-25.74929104854659,-25.173825533307056,-25.20585867953663,-25.16520306856831,-25.489687737955876,-25.511798212794044,-25.471348662714853,-25.892117270952273,-25.946079020844884,-25.901949355471135,-26.15300941233403,-26.205389393320754,-26.169873633024956,-24.591324241167843,-24.62715112247688,-24.58341360996579,-24.514726155578607,-24.512213927607476,-24.481538747343826,2,0
6,3,matb,matb_easy,0,-26.114117288255247,-26.138425081141573,-26.114117288255247,-26.04096485963429,-26.04934263925776,-26.04096485963429,-26.5575613057549,-26.588811742732364,-26.5575613057549,-26.87105566413544,-26.909150443597568,-26.87105566413544,-25.88387104087635,-25.901230344188708,-25.88387104087635,-26.15191474992848,-26.15944291683651,-26.15191474992848,-26.56456169805716,-26.58889867578647,-26.56456169805716,-26.562204645361547,-26.57271673828779,-26.562204645361547,-26.92592991577614,-26.96666185960063,-26.92592991577614,-27.047851814196097,-27.096090776172787,-27.047851814196097,-25.936699188304964,-25.957251673304224,-25.936699188304964,-26.156077056021925,-26.161276424015146,-26.156077056021925,8,0
6,3,matb,matb_medium,1,-25.773586426808556,-25.804295189286854,-25.802237475361625,-25.76982795340994,-25.778570756580866,-25.778794885025302,-26.261286295887853,-26.2881652891879,-26.274170509550174,-26.638789373107507,-26.67659204158395,-26.658173947316925,-25.491076655880264,-25.510011769114538,-25.510484869560763,-25.73338811954664,-25.740348568538337,-25.745953673590503,-26.397275697151326,-26.43715336077333,-26.41879915500291,-26.44735867271945,-26.469935495986675,-26.456333471746103,-26.756596071345655,-26.822894290937928,-26.77877914715821,-27.003121064201206,-27.094133429000966,-27.031869078494555,-25.748315588984767,-25.78063106130286,-25.76601113102114,-25.99422516937967,-26.023176565273474,-26.007705872820548,5,0
6,3,matb,matb_difficult,2,-25.792676166633104,-25.836970408713757,-25.83313581711165,-25.865558662695925,-25.851294770423426,-25.85801896762787,-26.19728776288869,-26.30660416509686,-26.29006721280035,-26.670526509016305,-26.685957241267634,-26.65753480777016,-25.54211928166322,-25.52037795692346,-25.517812353132314,-25.80299159398723,-25.761831614844475,-25.775899068129853,-26.333148126092798,-26.335636942735043,-26.333193257138085,-26.432773444971094,-26.41961515484232,-26.41785091513576,-26.65085539287987,-26.741409643313613,-26.71876275120077,-26.9725280570301,-26.976831669923133,-26.958541155171172,-25.638334107778054,-25.639060980666194,-25.617077564293997,-25.937795024836714,-25.926584262112875,-25.920540338882297,6,0
7,1,nback,zero_back,0,-26.122361930910877,-26.157413563491392,-26.128035236175343,-25.85437707665481,-25.86224999718216,-25.855229119959393,-26.26291252272902,-26.320963109440342,-26.28665607430907,-26.66440841952245,-26.684496389253336,-26.66784379214606,-26.068447494188064,-26.088015750776602,-26.072789396199173,-26.26622779834426,-26.284152080234616,-26.26965097505707,-26.647444464266886,-26.66573595360371,-26.64592112109404,-26.61256815107232,-26.623348550158948,-26.61333750135004,-26.88289758085158,-26.920934161353664,-26.890627592036996,-27.207191871093972,-27.23352700773462,-27.20650825438689,-26.396435014626025,-26.40362186362155,-26.396049814968396,-26.53167543936749,-26.53358783209806,-26.5279583527918,5,0
7,1,nback,one_back,1,-26.186006562596027,-26.228773541668108,-26.186006562596027,-25.95843985728198,-25.994424717014994,-25.95843985728198,-26.378249692901463,-26.418710714325506,-26.378249692901463,-26.758372398559608,-26.775337616457474,-26.758372398559608,-26.1596367473375,-26.190707349907907,-26.1596367473375,-26.322546090927283,-26.34177129333965,-26.322546090927283,-26.71885749057031,-26.773628166562073,-26.71885749057031,-26.695849839711016,-26.747040840942024,-26.695849839711016,-26.958431343473553,-27.017568568727132,-26.958431343473553,-27.258132258177916,-27.289931054900684,-27.258132258177916,-26.475894311167384,-26.515904215352506,-26.475894311167384,-26.60475705871817,-26.633731565054482,-26.60475705871817,6,0
7,1,nback,two_back,2,-26.15416137330963,-26.265672355474635,-26.19296858496977,-25.933154585655736,-25.97931520927211,-25.957237951056022,-26.405842698971544,-26.484669578499346,-26.434341883878357,-26.81043075917818,-26.87326316251253,-26.83196899888273,-26.180765487951536,-26.24222634700451,-26.19680629993773,-26.343777852595164,-26.410363287093215,-26.357124552481434,-26.716379886252394,-26.813750897008422,-26.738761617406926,-26.723733365099967,-26.786228209479873,-26.729714727543854,-26.962213930762776,-27.049914857540106,-26.975274889780323,-27.160878140754505,-27.23913252306433,-27.168162121382426,-26.507757077376688,-26.56585640354374,-26.517883966922174,-26.6308642824686,-26.68660469361707,-26.640693222313104,3,0
7,1,matb,matb_easy,0,-25.966402314595495,-25.97018610244241,-25.966402314595495,-25.74434514544969,-25.739738159537797,-25.74434514544969,-26.241010676453747,-26.242478577346038,-26.241010676453747,-26.620673214698005,-26.628549302499426,-26.620673214698005,-25.77573527525982,-25.772377394243705,-25.77573527525982,-25.895030524089982,-25.890816569730692,-25.895030524089982,-26.859280645715664,-26.88663341537168,-26.859280645715664,-26.817721922009603,-26.836990829806073,-26.817721922009603,-27.061479840186106,-27.08722217258414,-27.061479840186106,-27.2936548225523,-27.31700791811867,-27.2936548225523,-26.468143823976934,-26.478202291665095,-26.468143823976934,-26.629172966075274,-26.635082899731948,-26.629172966075274,4,0
7,1,matb,matb_medium,1,-25.6304191987438,-25.64022479428882,-25.6304191987438,-25.527921599664023,-25.534413920214128,-25.527921599664023,-25.925061363305502,-25.938718702878106,-25.925061363305502,-26.51317351154242,-26.535743492340963,-26.51317351154242,-25.461872652568662,-25.461025751447202,-25.461872652568662,-25.49861219381315,-25.49192734146021,-25.49861219381315,-26.467372855096688,-26.485956660637708,-26.467372855096688,-26.532687010364764,-26.53634684575938,-26.532687010364764,-26.658188744729262,-26.68182948074267,-26.658188744729262,-27.155975029688978,-27.177816585848234,-27.155975029688978,-26.085778039936567,-26.079362889888586,-26.085778039936567,-26.212647705142455,-26.202035639901567,-26.212647705142455,8,0
7,1,matb,matb_difficult,2,-25.551041580045723,-25.559945105012854,-25.551041580045723,-25.516429449037762,-25.50945827747625,-25.516429449037762,-25.903951303137468,-25.90739661390898,-25.903951303137468,-26.52213986796863,-26.524097760817256,-26.52213986796863,-25.383738071236454,-25.37940206683106,-25.383738071236454,-25.492166398342054,-25.485396618859568,-25.492166398342054,-26.412571236154935,-26.43660219282565,-26.412571236154935,-26.484662724430677,-26.49152992326701,-26.484662724430677,-26.56347086277525,-26.575631526998404,-26.56347086277525,-27.129193873931456,-27.130182672751054,-27.129193873931456,-25.92474123030043,-25.933558488651357,-25.92474123030043,-26.159366063574375,-26.155333480778097,-26.159366063574375,7,0
7,2,nback,zero_back,0,-25.796976913255058,-25.803230007050413,-25.796976913255058,-25.885661058618233,-25.891986166188975,-25.885661058618233,-26.261400159545293,-26.272734659832896,-26.261400159545293,-26.737688016094943,-26.74955273065102,-26.737688016094943,-25.96287235842099,-25.96980680124152,-25.96287235842099,-26.33359137210757,-26.340931647646023,-26.33359137210757,-26.408944361426585,-26.41673964512004,-26.408944361426585,-26.53008892377722,-26.533587197033373,-26.53008892377722,-26.85146009812636,-26.871649225266502,-26.85146009812636,-27.208291481006647,-27.231304710368093,-27.208291481006647,-26.23559422198689,-26.238049196531797,-26.23559422198689,-26.44354592169742,-26.447491093639492,-26.44354592169742,8,0
7,2,nback,one_back,1,-25.798683443739094,-25.817925096255436,-25.817925096255436,-25.895277804567918,-25.90700553103434,-25.90700553103434,-26.250401121316827,-26.2820631869858,-26.2820631869858,-26.726691580573835,-26.757929196688227,-26.757929196688227,-25.956915406014275,-25.97326232320895,-25.97326232320895,-26.31780033232723,-26.33370747883182,-26.33370747883182,-26.40063310647276,-26.41304175166081,-26.41304175166081,-26.54467063446315,-26.551319233429577,-26.551319233429577,-26.808511956600547,-26.840101314559533,-26.840101314559533,-27.183611392345597,-27.208534402693648,-27.208534402693648,-26.18702056968135,-26.19740118609309,-26.19740118609309,-26.399880830082406,-26.4053165495945,-26.4053165495945,4,0
7,2,nback,two_back,2,-25.677711654304858,-25.729777113622763,-25.71669693511876,-25.8257038052206,-25.822606740950377,-25.82392013785153,-26.20690281056717,-26.252396225363402,-26.240829756895334,-26.717172467718353,-26.740534153543397,-26.723296777300504,-25.805893152003865,-25.961869814163013,-25.95659044962929,-26.24451622608917,-26.377999509938547,-26.375607876741434,-26.456847462543504,-26.475682558954396,-26.46045742804785,-26.63418889505251,-26.631507960578215,-26.62604637094496,-26.91852015076129,-26.953276697901455,-26.928829365300547,-27.270359063747662,-27.290321980104164,-27.267462583284225,-26.214326509094747,-26.328959515419257,-26.32011386263384,-26.50404264009643,-26.57877924250935,-26.581481596630972,1,0
7,2,matb,matb_easy,0,-25.672337651996415,-25.677206345800307,-25.672337651996415,-25.744264653270317,-25.747694777011763,-25.744264653270317,-26.063901445226193,-26.071764908880564,-26.063901445226193,-26.523751079599347,-26.530081693319552,-26.523751079599347,-25.683211489307347,-25.68592577978314,-25.683211489307347,-26.00945550705551,-26.011708738498964,-26.00945550705551,-26.571623173068293,-26.58116047175006,-26.571623173068293,-26.77100912186171,-26.77367641627107,-26.77100912186171,-26.932091327810426,-26.94256892855724,-26.932091327810426,-27.310446279391297,-27.321082571891104,-27.310446279391297,-26.375320346698423,-26.374844091521773,-26.375320346698423,-26.677111144018717,-26.67686227932181,-26.677111144018717,5,0
7,2,matb,matb_medium,1,-25.318586267038096,-25.322973048247068,-25.318586267038096,-25.531665688911687,-25.536186793093954,-25.531665688911687,-25.83103507706741,-25.846886020371556,-25.83103507706741,-26.40042536785581,-26.41595775035471,-26.40042536785581,-25.283472972404528,-25.286444825218773,-25.283472972404528,-25.496386710714372,-25.4959876008981,-25.496386710714372,-26.271126002255432,-26.27558449200139,-26.271126002255432,-26.525595197519404,-26.528256478282913,-26.525595197519404,-26.636350821289206,-26.657963614665125,-26.636350821289206,-27.125037220883844,-27.150775500502807,-27.125037220883844,-25.96599313920752,-25.96548601856149,-25.96599313920752,-26.179775248435263,-26.17684871588379,-26.179775248435263,3,0
7,2,matb,matb_difficult,2,-25.165559588294247,-25.195986878339447,-25.178812841904282,-25.450753180115903,-25.462894957916344,-25.455681225371084,-25.69898053896842,-25.769597008064675,-25.73247605165136,-26.40013594575472,-26.425924475499485,-26.407773748052442,-25.199419086046316,-25.220403993049242,-25.2087027168837,-25.4043981722513,-25.430022728577715,-25.414792055375624,-26.19455364480999,-26.206421884260383,-26.2095393029344,-26.472867438885206,-26.48438004851749,-26.481914327140984,-26.57104244884557,-26.60389303743991,-26.5852737070536,-27.131025164364583,-27.165007260381525,-27.14334978149093,-25.804965182524352,-25.82043306106339,-25.817637075907964,-26.088303509970586,-26.105813635204424,-26.09507488985899,6,0
7,3,nback,zero_back,0,-25.68266100708634,-25.79621361593549,-25.7739337405899,-25.856154216348237,-25.87130400802633,-25.8737810008393,-26.172550705789035,-26.21444407526427,-26.198288634164523,-26.746831479269066,-26.771750144425017,-26.764632292864665,-26.190681527257183,-26.205627308577043,-26.211120523250646,-26.35149397801874,-26.370227602212765,-26.377252335759067,-26.365468747538294,-26.4571973253808,-26.4195749160797,-26.666323168703556,-26.718184589532164,-26.689739228362907,-26.785923738250464,-26.85887656637957,-26.810315566930957,-27.260082633645276,-27.290802417850543,-27.27132550899131,-26.681433885838963,-26.701208507764512,-26.70775356686905,-26.753431078529573,-26.760291891084204,-26.776201258355034,3,0
7,3,nback,one_back,1,-25.880498768065806,-26.003766548442485,-25.966029322304912,-25.948428063226434,-26.022009628831352,-25.998144583094103,-26.430682001905403,-26.491674632653964,-26.46934503578439,-26.9416718331948,-26.987121926340972,-26.9692951015941,-26.337539229764694,-26.37151641277071,-26.36172492443493,-26.39907010039842,-26.432129296458143,-26.424769142452856,-26.532560648859572,-26.604712647199353,-26.574169200917968,-26.685771509843473,-26.739246334373366,-26.713416448170033,-27.04448234883504,-27.11078387773191,-27.070097586555868,-27.414548737714107,-27.44307713094306,-27.431844982194843,-26.77724990772396,-26.80983414758581,-26.805183311144447,-26.7485114153779,-26.766231170885963,-26.77334736653214,8,0
7,3,nback,two_back,2,-25.88709874345359,-25.917719537165354,-25.88709874345359,-25.894675866752742,-25.916684441724026,-25.894675866752742,-26.35457093052499,-26.391289703993934,-26.35457093052499,-26.938700829706683,-26.9570517148682,-26.938700829706683,-26.352824856332624,-26.366279870449464,-26.352824856332624,-26.41896880500575,-26.432666717626255,-26.41896880500575,-26.51075092916214,-26.551666857607017,-26.51075092916214,-26.692243889792206,-26.72970624351321,-26.692243889792206,-26.95942654101316,-27.01384456701554,-26.95942654101316,-27.348544692783825,-27.38343590566122,-27.348544692783825,-26.776282846075553,-26.793623552779177,-26.776282846075553,-26.69648549790379,-26.70670666137918,-26.69648549790379,6,0
7,3,matb,matb_easy,0,-25.803581557450308,-25.805018994708455,-25.803581557450308,-25.8221356834995,-25.823186788883184,-25.8221356834995,-26.223089193595932,-26.223865461887822,-26.223089193595932,-26.766688664296463,-26.768674485288816,-26.766688664296463,-26.146914818520013,-26.14945868070933,-26.146914818520013,-26.142455027755144,-26.147124146930693,-26.142455027755144,-26.611420928378028,-26.61810242073362,-26.611420928378028,-26.806792276041413,-26.81525380595187,-26.806792276041413,-26.9080451191097,-26.915316139694422,-26.9080451191097,-27.411430672416316,-27.413982648511734,-27.411430672416316,-26.762280779130773,-26.769331118372612,-26.762280779130773,-26.75743161208002,-26.76619878440326,-26.75743161208002,7,0
7,3,matb,matb_medium,1,-25.406143091976457,-25.407056334348773,-25.406143091976457,-25.49232577647125,-25.492856126874766,-25.49232577647125,-25.827883892536477,-25.830816562702626,-25.827883892536477,-26.497153396665514,-26.505570058359808,-26.497153396665514,-25.65763669101281,-25.657470093263996,-25.65763669101281,-25.598346988639047,-25.596204277160744,-25.598346988639047,-26.3032288795356,-26.312030964841433,-26.3032288795356,-26.520484640490377,-26.529252129154195,-26.520484640490377,-26.6936320355187,-26.703569286247802,-26.6936320355187,-27.237517362525754,-27.24925487951761,-27.237517362525754,-26.47661247173549,-26.480409039389016,-26.47661247173549,-26.39196982424204,-26.39422697815736,-26.39196982424204,5,0
7,3,matb,matb_difficult,2,-24.771084183775127,,-24.788395212871706,-25.352646338158564,,-25.35556911846598,-25.366406226164006,,-25.373620319731085,-26.20824859053045,,-26.210145951466533,-25.39982335273474,,-25.396764790701486,-25.449774238494342,,-25.446424106301766,-25.622795440762793,,-25.641647412970162,-26.25504835436472,,-26.26066201592514,-26.058204792041018,,-26.069337895216655,-26.85930340685067,,-26.8661240094651,-25.928707073585446,,-25.940240368282566,-26.104867035544277,,-26.118308084742036,1,0
8,1,nback,zero_back,0,-25.00011430018783,-25.004151337744915,-25.00011430018783,-25.00303141728911,-25.003540407123047,-25.00303141728911,-25.151684083648362,-25.144886441764356,-25.151684083648362,-25.193352196036034,-25.181323558158393,-25.193352196036034,-24.475824559259554,-24.467141451203616,-24.475824559259554,-24.617598265186057,-24.612425300695424,-24.617598265186057,-25.578587036823485,-25.579019380783038,-25.578587036823485,-25.644559256921934,-25.647211849298454,-25.644559256921934,-25.714793515782176,-25.7113399153634,-25.714793515782176,-25.718329055915163,-25.708581539492187,-25.718329055915163,-24.74437761550418,-24.741059135858816,-24.74437761550418,-24.884638735653482,-24.880106997661404,-24.884638735653482,5,1
8,1,nback,one_back,1,-25.14113903926324,-25.098553426081985,-25.14113903926324,-25.16561216221335,-25.11136913879437,-25.16561216221335,-25.35052270213594,-25.311345489403926,-25.35052270213594,-25.601439031144473,-25.560799207937382,-25.601439031144473,-24.807972649596508,-24.756823975327254,-24.807972649596508,-25.009010247182875,-24.95840278045546,-25.009010247182875,-25.80978552068298,-25.773148153611455,-25.80978552068298,-25.854970502918686,-25.80803515262697,-25.854970502918686,-25.981242270321246,-25.94281241682837,-25.981242270321246,-26.15340051690034,-26.11047047313722,-26.15340051690034,-25.036127314468185,-24.986534867122817,-25.036127314468185,-25.24406147315679,-25.18429785994719,-25.24406147315679,1,1
8,1,nback,two_back,2,-25.086816866379273,-25.054117151054086,-25.086466427430125,-25.155369146926613,-25.10394205163845,-25.14434947846862,-25.37112686835999,-25.3371822761539,-25.37143730725364,-25.693952880958463,-25.66262323422523,-25.692196986770558,-24.888449900770617,-24.847752046476373,-24.883506524372127,-25.126312284527657,-25.084887025721933,-25.12269542508172,-25.87048255814584,-25.877940084094075,-25.880340978749473,-25.922445980488156,-25.90913542431239,-25.917161411587237,-26.014595911795695,-25.994518301762685,-26.013081419700846,-26.261924895603546,-26.24155707428015,-26.26044652386273,-25.08157043998216,-25.038459119207584,-25.067374448186673,-25.35072330473594,-25.30018543462284,-25.331296016589217,4,1
8,1,matb,matb_easy,0,-25.161588471739222,-25.164731771882206,-25.161588471739222,-25.226889481020468,-25.22832627161118,-25.226889481020468,-25.322157360875245,-25.322673558003768,-25.322157360875245,-25.70547704667405,-25.70640482743863,-25.70547704667405,-24.984936100298597,-24.98216216988531,-24.984936100298597,-25.283250662080253,-25.278016097178458,-25.283250662080253,-26.072929806680342,-26.070292573614267,-26.072929806680342,-26.220887420172357,-26.21549394012817,-26.220887420172357,-26.146939420551508,-26.140403607030514,-26.146939420551508,-26.459769675210385,-26.452004723796918,-26.459769675210385,-25.634500510152733,-25.62575247442624,-25.634500510152733,-25.883537094795713,-25.873194774265446,-25.883537094795713,6,1
8,1,matb,matb_medium,1,-24.890334937668023,-24.92113064385578,-24.890334937668023,-25.001737296422686,-25.03011704312317,-25.001737296422686,-25.170067450757067,-25.186130630972333,-25.170067450757067,-25.67960750989209,-25.689031549818765,-25.67960750989209,-24.86886504258616,-24.88416600993197,-24.86886504258616,-25.20094944915108,-25.22058581577429,-25.20094944915108,-25.87834090576236,-25.89497587547549,-25.87834090576236,-26.09818431476564,-26.121544594311356,-26.09818431476564,-26.05935697784177,-26.070595915391312,-26.05935697784177,-26.429197491450044,-26.437678030667335,-26.429197491450044,-25.574247960166137,-25.58709191532875,-25.574247960166137,-25.891278598019095,-25.89825765147363,-25.891278598019095,7,1
8,1,matb,matb_difficult,2,-24.975816478402145,-24.98584434613533,-24.975816478402145,-25.15580066720004,-25.140961619548285,-25.15580066720004,-25.352063024034564,-25.34285698717137,-25.352063024034564,-25.819336885430896,-25.80885967732081,-25.819336885430896,-24.972578920014275,-24.958357448927483,-24.972578920014275,-25.316049886277266,-25.304442521735876,-25.316049886277266,-25.925241058543104,-25.93170847901148,-25.925241058543104,-26.209893411617333,-26.21081539275059,-26.209893411617333,-26.251678910204475,-26.23714122336984,-26.251678910204475,-26.53932484395872,-26.5402690330042,-26.53932484395872,-25.629816516579858,-25.627042369443267,-25.629816516579858,-25.999569869172007,-25.980189552008248,-25.999569869172007,3,1
8,2,nback,zero_back,0,-25.0719539835677,-25.0719539835677,-25.0719539835677,-25.02243044159449,-25.02243044159449,-25.02243044159449,-25.35245547897161,-25.35245547897161,-25.35245547897161,-25.286807285337932,-25.286807285337932,-25.286807285337932,-24.381186558373816,-24.381186558373816,-24.381186558373816,-24.37404806712243,-24.37404806712243,-24.37404806712243,-25.519349375131114,-25.519349375131114,-25.519349375131114,-25.566741152121306,-25.566741152121306,-25.566741152121306,-25.788523849279045,-25.788523849279045,-25.788523849279045,-25.6912569041573,-25.6912569041573,-25.6912569041573,-24.64988617585807,-24.64988617585807,-24.64988617585807,-24.69461347297657,-24.69461347297657,-24.69461347297657,6,0
8,2,nback,one_back,1,-24.990895836291152,-24.990895836291152,-24.990895836291152,-24.975814618043625,-24.975814618043625,-24.975814618043625,-25.39560062072908,-25.39560062072908,-25.39560062072908,-25.413662898408482,-25.413662898408482,-25.413662898408482,-24.44157392828165,-24.44157392828165,-24.44157392828165,-24.424555746365357,-24.424555746365357,-24.424555746365357,-25.532031354223772,-25.532031354223772,-25.532031354223772,-25.558649882557383,-25.558649882557383,-25.558649882557383,-25.80890888236645,-25.80890888236645,-25.80890888236645,-25.805311027028942,-25.805311027028942,-25.805311027028942,-24.650782587270363,-24.650782587270363,-24.650782587270363,-24.743459905579833,-24.743459905579833,-24.743459905579833,8,0
8,2,nback,two_back,2,-25.147487555518726,-25.157128003069467,-25.147487555518726,-25.155134820550174,-25.165553942209367,-25.155134820550174,-25.534582473651465,-25.549640281324947,-25.534582473651465,-25.844064926820714,-25.849795435004353,-25.844064926820714,-24.866909312538148,-24.873432158406217,-24.866909312538148,-24.927151928991833,-24.93305555694398,-24.927151928991833,-25.824092182463932,-25.835137800391387,-25.824092182463932,-25.856703727340385,-25.865723543611978,-25.856703727340385,-26.076014229337538,-26.085631901633906,-26.076014229337538,-26.294847573773733,-26.297237491904326,-26.294847573773733,-25.012506395342292,-25.020142586606056,-25.012506395342292,-25.22459782789212,-25.232763017539703,-25.22459782789212,1,0
8,2,matb,matb_easy,0,-25.27509124938693,-25.27509124938693,-25.27509124938693,-25.238523316955703,-25.238523316955703,-25.238523316955703,-25.643673250416374,-25.643673250416374,-25.643673250416374,-25.808747273889235,-25.808747273889235,-25.808747273889235,-24.843322883044547,-24.843322883044547,-24.843322883044547,-24.947210213251363,-24.947210213251363,-24.947210213251363,-26.19256939898137,-26.19256939898137,-26.19256939898137,-26.16124598007805,-26.16124598007805,-26.16124598007805,-26.42942505852864,-26.42942505852864,-26.42942505852864,-26.585911624085313,-26.585911624085313,-26.585911624085313,-25.523595361444563,-25.523595361444563,-25.523595361444563,-25.611557020610764,-25.611557020610764,-25.611557020610764,7,0
8,2,matb,matb_medium,1,-24.990264185465676,-24.990274810331684,-24.990274810331684,-24.963588753590933,-24.9606530409802,-24.9606530409802,-25.497312077034866,-25.49222997468739,-25.49222997468739,-25.739185908539426,-25.73672946130986,-25.73672946130986,-24.764293176912396,-24.76279825028213,-24.76279825028213,-24.92753117583883,-24.92474862955993,-24.92474862955993,-26.067011378685137,-26.066033888876838,-26.066033888876838,-26.075863013526376,-26.073186376057098,-26.073186376057098,-26.315704262664973,-26.30944964605878,-26.30944964605878,-26.461244857046484,-26.457864778697214,-26.457864778697214,-25.51816622197934,-25.519612629336844,-25.519612629336844,-25.650597991649498,-25.653030220493847,-25.653030220493847,4,0
8,2,matb,matb_difficult,2,-25.113234745336104,-25.1443216794837,-25.113234745336104,-25.135204627785313,-25.16803066268256,-25.135204627785313,-25.665373482198913,-25.678223605600795,-25.665373482198913,-25.859389837075895,-25.867410008727834,-25.859389837075895,-24.86302233669657,-24.878674483611366,-24.86302233669657,-25.03522993200315,-25.050945764171395,-25.03522993200315,-26.065600039897348,-26.082451954297923,-26.065600039897348,-26.10731558082374,-26.12547656026371,-26.10731558082374,-26.430165085747138,-26.444943648987255,-26.430165085747138,-26.560969795470573,-26.564387264390664,-26.560969795470573,-25.564551491682135,-25.575974729503496,-25.564551491682135,-25.754307829669973,-25.766526723316602,-25.754307829669973,5,0
8,3,nback,zero_back,0,-24.381774615486226,,,-25.11796203887205,,,-25.17489623590851,,,-25.216189640455816,,,-24.51417376619519,,,-24.77066680293678,,,-25.098022435760413,,,-25.625303209060696,,,-25.681301292941868,,,-25.67609539541656,,,-24.75152499983763,,,-24.97458271648344,,,7,0
8,3,nback,one_back,1,-24.518210891768394,,,-25.065764490874304,,,-25.17530232395059,,,-25.239820959958838,,,-24.510669049750298,,,-24.795478042451116,,,-25.338685179164475,,,-25.735321137976364,,,-25.7935392093447,,,-25.78319229712851,,,-24.842214504999248,,,-25.0744323226699,,,6,0
8,3,nback,two_back,2,-24.389440476942827,,,-25.28345812852486,,,-25.304503177728872,,,-25.571028824757963,,,-24.822675166304982,,,-25.108547179643303,,,-25.316277298200887,,,-25.963593569597123,,,-25.986056759108596,,,-26.119587615828078,,,-25.0929475535105,,,-25.396325916882244,,,1,0
8,3,matb,matb_easy,0,-24.95655339286054,-25.137563419785135,-24.95655339286054,-25.356616559352442,-25.388438698682865,-25.356616559352442,-25.339325358641787,-25.330979418232747,-25.339325358641787,-25.657572585578553,-25.655429709082487,-25.657572585578553,-24.869857634194744,-24.869648135577492,-24.869857634194744,-25.279987994435558,-25.30773459473606,-25.279987994435558,-26.009462789993794,-26.05490582114635,-26.009462789993794,-26.24469625776041,-26.244153468990135,-26.24469625776041,-26.141167646741213,-26.126367063264833,-26.141167646741213,-26.419420238222234,-26.38842657192051,-26.419420238222234,-25.51110246964269,-25.49788087167082,-25.51110246964269,-25.804169867193703,-25.797337865584904,-25.804169867193703,5,0
8,3,matb,matb_medium,1,-24.26987879229649,-25.002805933730055,-24.368685789563322,-25.09626758302147,-25.240795075730485,-25.144502958451145,-25.09372733757035,-25.071533609574598,-25.100635080283734,-25.55246157587975,-25.639866159848854,-25.57710587313903,-24.693031753104382,-24.7049446252843,-24.693392713586878,-25.07158000933115,-25.221122377577018,-25.090194456916777,-25.59179936778013,-25.90505878279797,-25.698036938002677,-26.152044336011265,-26.100870377917058,-26.202036376018544,-26.05343101833402,-25.82686861575669,-26.057487689625386,-26.362679319913035,-26.177974810991874,-26.38138374668888,-25.526769919118028,-25.389624833232386,-25.542243268050164,-25.87462242290732,-25.717416371702075,-25.89286745928949,2,0
8,3,matb,matb_difficult,2,-24.28048599921536,,-24.655913736464555,-25.133322898579838,,-25.253619631692448,-25.184441480439382,,-25.339649120141058,-25.576732681828975,,-25.796862198608682,-24.747363458194293,,-24.83832383754273,-25.14452309630975,,-25.219420353637137,-25.557596122356014,,-25.720118362829812,-26.232481471735028,,-26.209349542464878,-26.140195243205515,,-26.197926496792885,-26.41106842236913,,-26.54547854149639,-25.58787797318943,,-25.557383953504583,-25.967221901369754,,-25.910326578903682,3,0
9,1,nback,zero_back,0,-26.147917381477757,-26.17823569067094,-26.179798500378634,-26.24275850318342,-26.249460421490763,-26.252288768626357,-26.210401582278347,-26.222570895104933,-26.225836358106847,-26.38240897330962,-26.38160483768879,-26.393339256414095,-26.148621501028465,-26.160723964308115,-26.16284725640453,-26.220293138613766,-26.222497889547178,-26.2270674416206,-26.591408613157544,-26.61547337182835,-26.614237692231974,-26.89159117106571,-26.899094916957175,-26.89909264031095,-26.86053922536459,-26.879811698848332,-26.876167580128662,-26.964332049772803,-26.97399986603622,-26.97268345564788,-26.33072359441633,-26.358249216429343,-26.353186312730912,-26.3729698824333,-26.38673762825731,-26.38470752345085,6,1
9,1,nback,one_back,1,-26.02389342137748,-26.174268627198867,-26.116705951797442,-26.287887945438623,-26.32235937043259,-26.298720392897156,-26.2051192506617,-26.281285191767576,-26.218870250715817,-26.449696309400235,-26.467014455865296,-26.456016453026734,-26.130049200704608,-26.186777530619416,-26.14450228986821,-26.244514741239655,-26.25471498912624,-26.241569690520645,-26.517702166259447,-26.626967590056843,-26.58144251855698,-26.84805654620053,-26.887239108618513,-26.8752679055214,-26.77173257794067,-26.84840013804166,-26.792314493526096,-26.970769000527085,-26.997592039937267,-26.98142937124778,-26.277783848957416,-26.346954793701737,-26.300061174531017,-26.391977147845424,-26.43562907572358,-26.407220905744715,4,1
9,1,nback,two_back,2,-26.091105261218324,-26.123777677915623,-26.116537675234348,-26.238567180375576,-26.237721292179742,-26.23856722417893,-26.203094818538847,-26.226372816966045,-26.220779415185955,-26.433715306861977,-26.436317039825163,-26.437719571510844,-26.145259313157858,-26.182499730023697,-26.173115056271286,-26.266622634045113,-26.281090144719336,-26.276117401463857,-26.67788262230011,-26.722785339649263,-26.714461986741846,-26.989760701904743,-27.024045341604342,-27.018429370948876,-26.91869280534482,-26.962859836625547,-26.952664472031007,-27.12204029369571,-27.14996398092684,-27.145815498590174,-26.37441340222323,-26.44328760211334,-26.427958130921375,-26.534061554756914,-26.582864815041294,-26.572946760991936,1,1
9,1,matb,matb_easy,0,-25.931494337153644,-25.93403372555943,-25.931494337153644,-26.250761894132314,-26.248165976690093,-26.250761894132314,-26.179475449670147,-26.18440822989356,-26.179475449670147,-26.354301668582156,-26.354399002420948,-26.354301668582156,-25.979111549568646,-25.978742427977537,-25.979111549568646,-26.03047776118691,-26.030419838771735,-26.03047776118691,-26.638781398746605,-26.650068488987312,-26.638781398746605,-27.05236557326204,-27.05783626855633,-27.05236557326204,-26.91396764010919,-26.9320956198133,-26.91396764010919,-27.128267057182864,-27.14264300138827,-27.128267057182864,-26.48759259024735,-26.492953304950404,-26.48759259024735,-26.573106326498664,-26.578291675225444,-26.573106326498664,2,1
9,1,matb,matb_medium,1,-25.771552824599144,-25.771552824599144,-25.771552824599144,-26.13403577719932,-26.13403577719932,-26.13403577719932,-26.10476115024064,-26.10476115024064,-26.10476115024064,-26.307063099905914,-26.307063099905914,-26.307063099905914,-25.80209985086407,-25.80209985086407,-25.80209985086407,-25.873093176017274,-25.873093176017274,-25.873093176017274,-26.52310616270187,-26.52310616270187,-26.52310616270187,-26.95700081511863,-26.95700081511863,-26.95700081511863,-26.87173903243363,-26.87173903243363,-26.87173903243363,-27.096975101762766,-27.096975101762766,-27.096975101762766,-26.333349380126787,-26.333349380126787,-26.333349380126787,-26.47207013456782,-26.47207013456782,-26.47207013456782,5,1
9,1,matb,matb_difficult,2,-25.493670713298755,-25.53428168359958,-25.493670713298755,-26.04416725269216,-26.031026014599693,-26.04416725269216,-26.03463923630815,-26.02918273840244,-26.03463923630815,-26.23813907725302,-26.239784968126695,-26.23813907725302,-25.719745659628625,-25.723081947907495,-25.719745659628625,-25.79321765843602,-25.799425200524116,-25.79321765843602,-26.290968138336673,-26.310524354425127,-26.290968138336673,-26.884401206205013,-26.8873923040532,-26.884401206205013,-26.71672020045993,-26.721089129966284,-26.71672020045993,-27.02359197813354,-27.03355344174621,-27.02359197813354,-26.144295718757974,-26.14910603060706,-26.144295718757974,-26.367925072487843,-26.377201906885773,-26.367925072487843,3,1
9,2,nback,zero_back,0,-25.41503174834955,-25.463104895117645,-25.454376741088822,-25.906969260450325,-25.905633995093204,-25.909324383078243,-26.274837568620548,-26.29715684006075,-26.295854083762563,-26.639787597527445,-26.660003054584962,-26.658525200329702,-25.868126948131092,-25.915475332795335,-25.899217703055193,-26.312656704971715,-26.3369937666269,-26.332763725475996,-26.07432250766214,-26.126940018730995,-26.1209955342706,-26.664614759968316,-26.67997966093772,-26.680462213187532,-26.862773505568164,-26.89495118612086,-26.891550024421324,-27.038771592376186,-27.04691529819991,-27.05115607661582,-26.20373811719405,-26.25071315962194,-26.242854006517334,-26.506286652622904,-26.533638654752018,-26.530710781481666,3,0
9,2,nback,one_back,1,-25.87297402906189,-25.900110875356212,-25.88760320282071,-26.05681687593404,-26.060456957270514,-26.058409542175145,-26.347318204288495,-26.3692902485863,-26.35917461349208,-26.507926085318516,-26.508616397238637,-26.50769940639484,-26.136267860365944,-26.15166759705594,-26.145678316148818,-26.31309924875853,-26.31871764250205,-26.312357410279166,-26.35315125724347,-26.344503922499193,-26.34862181153495,-26.6518051873562,-26.63947790612293,-26.644796888626853,-26.85295672364654,-26.87085929785613,-26.86248350924618,-26.868156793925724,-26.86221087697278,-26.86540303568172,-26.22042530963379,-26.217445904547137,-26.2199202205484,-26.37001920928665,-26.35213049272755,-26.357911324451624,7,0
9,2,nback,two_back,2,-25.64194764165163,-25.718970822645367,-25.707191458404907,-25.91507258138493,-25.92083610138307,-25.92396632262687,-26.278260495645537,-26.329620756103484,-26.31045623639992,-26.568891644936528,-26.600343196935498,-26.597153781679967,-26.084899051571107,-26.125641422210364,-26.11909598573028,-26.303087700687655,-26.33041917183992,-26.330684707410793,-26.30658123687219,-26.39662468297206,-26.40045135398385,-26.587714112391872,-26.675618302520007,-26.683389672141377,-26.830828876501684,-26.94662610779886,-26.929354824711325,-26.967334903976536,-27.048646529718436,-27.043030994754528,-26.206909253330107,-26.332271051704595,-26.33382370209156,-26.439182505294706,-26.539773796620565,-26.547813868862207,8,0
9,2,matb,matb_easy,0,-25.78657136770532,-25.809417934426833,-25.78657136770532,-26.02134547379027,-26.036399652104294,-26.02134547379027,-26.26755049467483,-26.281131291236836,-26.26755049467483,-26.517501475520625,-26.52095307486375,-26.517501475520625,-26.03932615025571,-26.055363095527625,-26.03932615025571,-26.247100529715194,-26.25988898067484,-26.247100529715194,-26.729490749625853,-26.738515060834818,-26.729490749625853,-26.975676079828194,-26.983833611213463,-26.975676079828194,-27.147613365601618,-27.155138616342768,-27.147613365601618,-27.27558305973678,-27.279838384384018,-27.27558305973678,-26.702312377739997,-26.714767480026687,-26.702312377739997,-26.865436828223594,-26.87580122110016,-26.865436828223594,6,0
9,2,matb,matb_medium,1,-24.92644343273389,-25.137176127895742,-24.929170234365976,-25.595079872898783,-25.716117064167783,-25.59627413699717,-25.905027782050443,-26.061198914886322,-25.90660981429373,-26.50490515052612,-26.571581476950243,-26.504082627487417,-25.572080725440998,-25.678862234281834,-25.576026765181055,-26.007097725774557,-26.04171257866723,-26.01159280819729,-26.198476728831796,-26.282744918107312,-26.1990159238231,-26.85670133236113,-26.921785167969826,-26.85696186202985,-26.97579837875649,-27.08897436611142,-26.979607479505773,-27.362464691111825,-27.45347637293172,-27.367347447320167,-26.371356288294006,-26.467047970344023,-26.378549980862328,-26.825374681082568,-26.905518161108223,-26.829527641329424,2,0
9,2,matb,matb_difficult,2,-24.95421967437439,-25.08328091079196,-24.95421967437439,-25.428456606135786,-25.503534569986382,-25.428456606135786,-25.76367135890244,-25.82666935220601,-25.76367135890244,-26.35750119052319,-26.36071332907045,-26.35750119052319,-25.532681893446274,-25.592436201673173,-25.532681893446274,-25.859342933070156,-25.900119869674736,-25.859342933070156,-26.322622085212544,-26.370772613023487,-26.322622085212544,-26.687636589795705,-26.711548225335818,-26.687636589795705,-26.885237454103052,-26.89885740983148,-26.885237454103052,-27.1909878619727,-27.192023862340342,-27.1909878619727,-26.25165422178693,-26.282523479244162,-26.25165422178693,-26.648016724032292,-26.663596655471306,-26.648016724032292,5,0
9,3,nback,zero_back,0,-24.996156054398277,,-25.022328033814944,-25.82047395573052,,-25.82004075022255,-26.125175841114018,,-26.12822127471519,-26.232679883578093,,-26.224483446088247,-25.967676754319037,,-25.96556573768096,-26.034404754914938,,-26.029413474686546,-25.94452595053317,,-25.956183256180456,-26.461200205642808,,-26.450849988422405,-26.723488466667177,,-26.71942938009398,-26.581296189332896,,-26.56203271581107,-26.07531827666104,,-26.06638182077393,-26.059490545569286,,-26.04562787683718,8,0
9,3,nback,one_back,1,-25.240682044087833,-25.266324954410795,-25.247970072266018,-25.785758988545997,-25.78051250406258,-25.78242150044409,-26.141547940510016,-26.138051826856326,-26.143464342080165,-26.323644680540063,-26.316074661632143,-26.322389495848682,-26.009240854435355,-26.007422427566095,-26.010459263846894,-26.14487600649079,-26.145125462507757,-26.146485064318835,-26.20955682063837,-26.249060534354594,-26.216409636924066,-26.61264932714879,-26.633050956006514,-26.609318992327758,-26.88074186452557,-26.8838192626813,-26.88107653457952,-26.848454534243093,-26.84495021383817,-26.843037816354567,-26.295139702261913,-26.311195488741447,-26.292887979776953,-26.355315896547136,-26.37362826753346,-26.35422564746869,4,0
9,3,nback,two_back,2,-25.313021349080156,,-25.318555011350906,-25.956404153575903,,-25.959658248589747,-26.21350648620277,,-26.22489106493565,-26.503617506004584,,-26.506246117038277,-26.10051171098794,,-26.10564557757144,-26.26251160589858,,-26.25665878019621,-26.165406227402148,,-26.163663651159755,-26.775242060971905,,-26.77897147348735,-26.94026980960823,,-26.9580659021634,-27.13392723194371,,-27.14737670198362,-26.365473971449912,,-26.373592578085958,-26.485702991061554,,-26.48666904711697,1,0
9,3,matb,matb_easy,0,-25.071296968225365,,-25.08908885078016,-25.85395586335325,,-25.86227472941644,-26.086993329319068,,-26.100623841716075,-26.26289273036682,,-26.270117404250982,-25.90516368448418,,-25.911566964665596,-25.94383620970765,,-25.948586595004915,-26.272858692905707,,-26.289756770772854,-26.774137686377912,,-26.77721233354905,-26.891447023791955,,-26.902828267744955,-27.064515913988306,,-27.072711579316987,-26.53152703478542,,-26.53857889109471,-26.580430030764642,,-26.585076660177023,7,0
9,3,matb,matb_medium,1,-24.837687283406858,,-24.897124995053748,-25.65594639087785,,-25.661390025467245,-25.916116580250687,,-25.929163568811706,-26.226517108247222,,-26.24147127099659,-25.730784719973997,,-25.73152405233825,-25.776964629020643,,-25.77989885557247,-26.147174395761784,,-26.224850651929945,-26.78213360451401,,-26.794778438430722,-26.93645944426872,,-26.953787354025216,-27.08851910707536,,-27.10755691818928,-26.43761794953843,,-26.447722824821184,-26.493721062923093,,-26.50849282010034,5,0
9,3,matb,matb_difficult,2,-24.635654514154943,,-24.79860767471923,-25.552474033892775,,-25.50025769236663,-25.75666291964403,,-25.747373507473952,-26.11975565232574,,-26.11040374692899,-25.636351967865238,,-25.622045996497686,-25.7182285497735,,-25.718331306004398,-25.98528595042372,,-26.12565842104173,-26.731490626815372,,-26.73354756965032,-26.83720260053487,,-26.86541178571105,-27.023435526422592,,-27.070914899483085,-26.306093336642036,,-26.35031847838343,-26.376319475804937,,-26.41130009181424,6,0
10,1,nback,zero_back,0,-25.624546183615784,-25.944808859754684,-25.874886189924435,-26.23089683924037,-26.312509567449975,-26.297291812943918,-26.227637960937184,-26.418485547880884,-26.377848793039675,-26.71376790542643,-26.784729114799884,-26.77538050655525,-26.107879587997395,-26.18633760052781,-26.163528802223556,-26.479296593469122,-26.573297142279888,-26.553346434152445,-26.36920752418535,-26.489783634981897,-26.460351179063746,-26.735104860288036,-26.76549262776685,-26.761566972368158,-26.511737416282788,-26.59322257950536,-26.56662253252962,-26.92754021196645,-26.933542269424315,-26.94776876215003,-26.06148348515021,-26.0751367397137,-26.064931973627484,-26.37920549220827,-26.36034977488335,-26.37844540919274,5,0
10,1,nback,one_back,1,-25.66162907586741,-25.898003489600278,-25.708375851526863,-26.205460899337574,-26.25927468813907,-26.217633891187514,-26.168991036360392,-26.405342804053088,-26.25974548435853,-26.67289475395976,-26.742246124009892,-26.69163260714201,-26.001298731467326,-26.072788756672566,-26.011922583480768,-26.396563458738953,-26.458653955630687,-26.40590383899967,-26.309704852201612,-26.37926527386676,-26.33344802066706,-26.65354811942339,-26.63955859431568,-26.658897479300066,-26.304077627773218,-26.400683735869404,-26.335528501544953,-26.80783145991866,-26.78415920632914,-26.821710951371657,-25.917357591975684,-25.92742408037172,-25.921478353614646,-26.250374354762272,-26.198516934668447,-26.254157698268195,7,0
10,1,nback,two_back,2,-25.479865878335342,-25.751348165882067,-25.69423662492837,-26.11694662679205,-26.163833276919473,-26.191029194010518,-25.97803217278561,-26.35411532657967,-26.313902445139455,-26.592202296151516,-26.737700808948087,-26.735658164327315,-25.948308911566766,-26.11255533921199,-26.082005781921236,-26.38205908066457,-26.541759790491522,-26.507730758957035,-26.307076881727063,-26.520038762214693,-26.453914862951347,-26.7096355754068,-26.75732444360338,-26.760018589284222,-26.413260266213182,-26.708897884971098,-26.644850497088363,-26.975037715742754,-27.153553556148488,-27.126882616503448,-26.018876625554846,-26.15544897380635,-26.1025150286807,-26.44532591204222,-26.55309724783784,-26.50127797443929,6,0
10,1,matb,matb_easy,0,-26.0952432822858,-26.20674471732525,-26.10617129659165,-26.460870490594253,-26.4846179162132,-26.462037105160647,-26.4161427413276,-26.525760627308784,-26.474571824395785,-26.79984730261727,-26.86146386766874,-26.809962202483284,-26.345723857680483,-26.42100919993169,-26.349405042345232,-26.61353168658085,-26.689408524812848,-26.619969905714342,-26.63885977150429,-26.727157767231724,-26.650802557875622,-27.025059553886035,-27.037986245928245,-27.02820561913918,-26.808667733757744,-26.851169707409674,-26.8325479653991,-26.978371004410974,-26.97502018204369,-26.994029919073636,-26.460392523641787,-26.487962852037935,-26.46270544032193,-26.55594565661894,-26.579582159165074,-26.566814159128594,8,0
10,1,matb,matb_medium,1,-25.670977919585507,-25.67716163633196,-25.673609643383415,-26.095743314692225,-26.097970904676952,-26.095449526214978,-26.13107761913804,-26.14914903802979,-26.145117396407677,-26.524828889108463,-26.530344845583436,-26.52665252401421,-25.874169469938895,-25.879058962631174,-25.875107590660242,-26.146693273494254,-26.149738312378688,-26.14572082994081,-26.477393051829313,-26.48073117518244,-26.481324573779872,-26.942234831453792,-26.945633734289586,-26.945096139294634,-26.595634053696475,-26.606171440215057,-26.598349298896572,-26.915052571199606,-26.914129079367445,-26.91421144857788,-26.431980297611037,-26.441002450618978,-26.433617586446108,-26.606125191318952,-26.607661689138165,-26.607960746548418,2,0
10,1,matb,matb_difficult,2,-25.503791208041555,-25.538916428580688,-25.519072160148987,-26.001700676969016,-25.98286099050378,-25.99777098157417,-26.0372439591993,-26.060809009325947,-26.069387760437337,-26.488566148958313,-26.456103225095152,-26.4870499561533,-25.788444729606866,-25.789067830274945,-25.79290452573825,-26.105136241350063,-26.107889359351706,-26.09934563081239,-26.34051620858513,-26.354179557453552,-26.357886262474903,-26.799315600737,-26.81364024068681,-26.809083140746694,-26.543549951679395,-26.543584813502637,-26.556530544070615,-26.9255891790677,-26.887344047133706,-26.925824118926588,-26.23277177099243,-26.25885475324594,-26.247377656039557,-26.538875366875754,-26.51571174526498,-26.544506820777183,1,0
10,2,nback,zero_back,0,-26.00201416355179,-26.187192714667745,-26.18203547971045,-26.325513393503662,-26.383609761073636,-26.379620800282463,-26.25495801719071,-26.427942801065324,-26.412948077791697,-26.636379631486413,-26.687876835400058,-26.685866662935684,-26.053711291138036,-26.103354725779816,-26.100790057035205,-26.40237278082052,-26.454078199301847,-26.447049203973208,-26.54840593412224,-26.644255502233236,-26.653469953736632,-26.785674468775348,-26.80878591379328,-26.819605207112645,-26.637613983691363,-26.706893745462903,-26.712304771698072,-26.854871079006273,-26.878799346388238,-26.89427276148464,-25.965692690916093,-25.994380657009295,-26.007651223224773,-26.295567398412278,-26.294833412915196,-26.310896802440585,4,0
10,2,nback,one_back,1,-25.877661403539776,-26.066339307489354,-26.066339307489354,-26.035387675643,-26.107260292991146,-26.107260292991146,-26.10432445976291,-26.367842262179078,-26.367842262179078,-26.546753268813482,-26.59510711310868,-26.59510711310868,-25.969772072226668,-26.013642890146066,-26.013642890146066,-26.355554819721853,-26.39332605196369,-26.39332605196369,-26.41057374494637,-26.4992463285788,-26.4992463285788,-26.548808873363566,-26.576390798291232,-26.576390798291232,-26.487740398618246,-26.609350080641192,-26.609350080641192,-26.766714463454104,-26.802269410583193,-26.802269410583193,-25.800189174720174,-25.832260515454106,-25.832260515454106,-26.239580917680996,-26.23572882949994,-26.23572882949994,1,0
10,2,nback,two_back,2,-25.859398145219462,-25.98123367141498,-25.958834851027866,-26.20396071283782,-26.22791498952231,-26.226212893594095,-26.26161298365606,-26.35285499733275,-26.33156473926227,-26.59021193762344,-26.6308183040019,-26.617068491630693,-25.95696127232652,-26.000628224683897,-25.992138292242018,-26.292146242121692,-26.314482189827913,-26.316580783382506,-26.55745299526776,-26.593561472491587,-26.581169021946256,-26.782935532058865,-26.79501191056564,-26.792863872878435,-26.64192397293653,-26.68420608799917,-26.672009047547206,-26.99040541170742,-27.014787803468852,-27.00866602177997,-25.956206448552045,-25.99075796677662,-25.97935225791991,-26.36144987753051,-26.370490534725644,-26.373562714353806,7,0
10,2,matb,matb_easy,0,-26.138867228583447,-26.18088130524371,-26.18088130524371,-26.200725225216292,-26.216190331803833,-26.216190331803833,-26.244594986449545,-26.368640449046268,-26.368640449046268,-26.64100837383343,-26.659509739072377,-26.659509739072377,-26.096944961172536,-26.11346263912072,-26.11346263912072,-26.427906025535727,-26.443264789226877,-26.443264789226877,-26.726509808953047,-26.738802220262137,-26.738802220262137,-26.87096200712121,-26.875844317026747,-26.875844317026747,-26.775937000431203,-26.80860897999322,-26.80860897999322,-26.96580491171127,-26.966013262554583,-26.966013262554583,-26.30977460228126,-26.311079241295985,-26.311079241295985,-26.522787712806128,-26.513924335482447,-26.513924335482447,2,0
10,2,matb,matb_medium,1,-25.9375592082102,-25.938130840967915,-25.930455470389475,-26.16986429949488,-26.17412076624151,-26.16687653429566,-26.172038473510373,-26.183605728133575,-26.175187992443274,-26.58120333848944,-26.58433872233777,-26.58043848981281,-25.78533412874568,-25.793646224450363,-25.783474208508416,-26.152289852973244,-26.158171761240542,-26.148712388305572,-26.692279278364953,-26.69654458427174,-26.69947807614076,-26.898095682111318,-26.908963774887216,-26.906859916945912,-26.692744095110815,-26.708145279194397,-26.700987880445286,-27.00690926202633,-27.01895809442609,-27.017062749665605,-26.259383271285714,-26.273838529885225,-26.268861854007756,-26.557673611138316,-26.56026160220625,-26.570283286673426,6,0
10,2,matb,matb_difficult,2,-25.714037110845084,-25.71203697216218,-25.714037110845084,-25.997191019709973,-25.996996064212464,-25.997191019709973,-26.04445004885478,-26.047624581727757,-26.04445004885478,-26.428125196760067,-26.42808044919436,-26.428125196760067,-25.6270040338623,-25.624963943684595,-25.6270040338623,-25.994721344301567,-25.988556776919086,-25.994721344301567,-26.526416355376444,-26.52424339890048,-26.526416355376444,-26.757420021472683,-26.75760184396871,-26.757420021472683,-26.615928034710063,-26.621450919117574,-26.615928034710063,-26.90840041168627,-26.912674026995507,-26.90840041168627,-26.081230633432437,-26.08404159261703,-26.081230633432437,-26.451510222471548,-26.451118826061453,-26.451510222471548,5,0
10,3,nback,zero_back,0,-25.532997836135475,-25.951674308957603,-25.953203416013366,-26.059900048629412,-26.157091842686345,-26.161221947267993,-26.099056180839703,-26.340819976714084,-26.342760714598842,-26.476548240965496,-26.59560798304278,-26.597206411056625,-26.014751172054524,-26.11956455256138,-26.12394822360632,-26.28625085268167,-26.40579743236834,-26.415603174828927,-26.28702048855128,-26.54634162318962,-26.546405298345537,-26.646811811086785,-26.676882190801717,-26.681015350911444,-26.660087912413008,-26.733654651100476,-26.735903331591302,-26.884454428577282,-26.934175333583866,-26.937811121403293,-26.15533160097641,-26.1983064294109,-26.203362203546106,-26.39183725277196,-26.426337140549425,-26.43254140307217,7,0
10,3,nback,one_back,1,-25.720778802740984,-25.912332765261407,-25.87840768233433,-26.0906956573114,-26.08817530487597,-26.084724578032347,-26.15735268237394,-26.329599648218743,-26.292049392792478,-26.555151165253108,-26.583769328705717,-26.55943426899799,-26.069136387802775,-26.089006463556203,-26.077385728580282,-26.36695317017025,-26.38370854228077,-26.364960867408662,-26.427703629018353,-26.55927554294399,-26.539573441137737,-26.716890024835347,-26.721576439006565,-26.71052008683537,-26.69887966435109,-26.781089731134504,-26.73910528175683,-26.917505784713686,-26.94592000487725,-26.925652993947473,-26.205908961030612,-26.242792868795267,-26.22339338057418,-26.40576087400822,-26.414682387317637,-26.41674951011935,6,0
10,3,nback,two_back,2,-25.596972897099604,-25.821015194799376,-25.82907068130666,-26.02345754232175,-26.044345067840936,-26.05087448384787,-26.169507627008993,-26.33849812333138,-26.329004963618196,-26.56668604927924,-26.616633273863425,-26.62140123041337,-26.118186989538238,-26.154046120301654,-26.163441907563872,-26.369976404142587,-26.38395126431329,-26.400691153633204,-26.483059195471398,-26.5782275955177,-26.595478553215926,-26.76279817360359,-26.79102880199649,-26.80294431296784,-26.81757596429961,-26.892424000853794,-26.896380400426786,-27.10940169222494,-27.17539750454536,-27.171880600908054,-26.2817417872287,-26.325394385270307,-26.33772784711696,-26.420797523444772,-26.43725102862932,-26.45171858898408,1,0
10,3,matb,matb_easy,0,-25.857226102143326,-25.86201790324874,-25.857226102143326,-26.089987911207785,-26.089734854769866,-26.089987911207785,-26.23720338278233,-26.243521461532254,-26.23720338278233,-26.6387412532848,-26.644555985572033,-26.6387412532848,-26.138843452643137,-26.141793264181423,-26.138843452643137,-26.262409355575205,-26.2667234009952,-26.262409355575205,-26.48763193099143,-26.490230655468977,-26.48763193099143,-26.825542877087422,-26.827011610289563,-26.825542877087422,-26.694827649304116,-26.699761327837777,-26.694827649304116,-26.969764433238115,-26.975369581572085,-26.969764433238115,-26.517205569785567,-26.519471669682193,-26.517205569785567,-26.556361755406215,-26.558112152447197,-26.556361755406215,3,0
10,3,matb,matb_medium,1,-25.694263765503806,-25.689853111912733,-25.694263765503806,-25.989519669432084,-25.98370808333368,-25.989519669432084,-26.13592383020499,-26.13755961142411,-26.13592383020499,-26.548329059539164,-26.54090622443572,-26.548329059539164,-26.003865278868375,-26.00299923905058,-26.003865278868375,-26.15129045345582,-26.151560055355514,-26.15129045345582,-26.40492797885857,-26.398191749593206,-26.40492797885857,-26.749377566644682,-26.740260666446336,-26.749377566644682,-26.65582475058583,-26.6603092506524,-26.65582475058583,-26.928068139034455,-26.93234229032308,-26.928068139034455,-26.381545534277382,-26.37851630954142,-26.381545534277382,-26.437576722625234,-26.441005863295093,-26.437576722625234,2,0
10,3,matb,matb_difficult,2,-25.69202665233123,-25.699095172215422,-25.69202665233123,-26.010031339244847,-26.012346476741275,-26.010031339244847,-26.13006733425732,-26.133251154572122,-26.13006733425732,-26.53921866036855,-26.542528379578194,-26.53921866036855,-25.885215160727185,-25.892504057385356,-25.885215160727185,-26.010845926090436,-26.01819350934199,-26.010845926090436,-26.462670274917702,-26.466494078662524,-26.462670274917702,-26.817789468927597,-26.82086895726056,-26.817789468927597,-26.68111260523669,-26.684213510505664,-26.68111260523669,-27.000283117099205,-27.001068598393463,-27.000283117099205,-26.361492776342494,-26.36832979722172,-26.361492776342494,-26.48689795850923,-26.489602260205984,-26.48689795850923,8,0
11,1,nback,zero_back,0,-25.550252025077203,-25.660513672465335,-25.58283248093286,-25.597905794497198,-25.615923742437122,-25.612691869133304,-25.761872659057882,-25.817207818764988,-25.78148365734399,-26.193378781767432,-26.258828871251527,-26.212227864759612,-25.774477405358333,-25.81383720868449,-25.783356753347668,-26.134263272788463,-26.140602939600637,-26.140407638143696,-25.53583724153161,-25.55601822471291,-25.546686608713973,-25.7920966201907,-25.799694595266654,-25.80405595466915,-25.648597348086636,-25.652951265842503,-25.653012460953473,-25.869850920760975,-25.859728346359738,-25.87070017211286,-25.055058834799524,-25.136117096068066,-25.06273071215851,-25.54588325652693,-25.589510493695272,-25.551291086927623,7,0
11,1,nback,one_back,1,-25.509322970968125,-25.661828363633273,-25.562670876563708,-25.560306606292325,-25.616246168823803,-25.56336686989383,-25.746755166678035,-25.79869110090283,-25.76418166807748,-26.143420498396384,-26.250082579014737,-26.1644720291629,-25.69017754064082,-25.7994647419663,-25.716528795757863,-26.11063462923981,-26.12524814878444,-26.122102975423665,-25.388070439266674,-25.491318659255636,-25.418897446024243,-25.71662429727745,-25.728979743066187,-25.724124998752437,-25.448387929299457,-25.567618471690952,-25.47299022971108,-25.735233125654418,-25.781353443154025,-25.750804839106614,-24.672319206158587,-24.99002529085712,-24.70105372084554,-25.382608484572653,-25.592920625023606,-25.386081798511853,4,0
11,1,nback,two_back,2,-25.40559706017491,-25.81625119280818,-25.626253371373615,-25.670026112778576,-25.7441714184136,-25.72275451883923,-25.816976755800763,-26.017675422923922,-25.908279984545878,-26.22025566283857,-26.419573045450075,-26.296602879331925,-25.806610439193896,-25.944602966001995,-25.85421923190999,-26.190581667612257,-26.295751300529197,-26.236902316223325,-25.461779379023607,-25.637831987495023,-25.55342240426108,-25.79903188755918,-25.876330070608308,-25.832300355804207,-25.65661455199441,-25.74152953067466,-25.67796439921508,-25.839418950410682,-25.900738274744523,-25.84623901632429,-25.040805313356564,-25.197319384293596,-25.064365278266305,-25.652774992273628,-25.778321627029822,-25.68027599664165,5,0
11,1,matb,matb_easy,0,-25.347120919998666,-25.502491888316047,-25.402732829392182,-25.6793691215749,-25.788172992658133,-25.684920307017517,-25.683142831028334,-25.78149805653836,-25.694820307188316,-26.132266709422098,-26.226607029587928,-26.14511234272876,-25.775154734804197,-25.87558891187868,-25.775171393477688,-26.164471466776313,-26.22826818297397,-26.16186658224504,-25.72630189008959,-25.81762860236862,-25.73795616306997,-26.160483772869643,-26.23243954355368,-26.15746962173124,-25.935817809298932,-26.049593918823348,-25.938124910411695,-26.21610269815725,-26.329884275637376,-26.219128867556925,-25.49330533140047,-25.658873282037494,-25.508277542125864,-26.034635777301617,-26.08682903128257,-26.040997656226402,3,0
11,1,matb,matb_medium,1,-24.82050685669847,,-24.951450693508253,-25.447164546914177,,-25.460001575584677,-25.313785184260585,,-25.34034782915752,-25.69979264795735,,-25.730115100655006,-25.474657209881173,,-25.487305106845877,-25.86660792156789,,-25.867145603087884,-25.366678503280177,,-25.415047459993087,-25.898427486592674,,-25.909348607472797,-25.63281908303073,,-25.65016784674223,-25.893323072223833,,-25.909078618878592,-25.063117468131882,,-25.101595563911722,-25.78826498400445,,-25.812513232814055,2,0
11,1,matb,matb_difficult,2,-24.790185933966615,,-24.857658916086127,-25.379254425503163,,-25.402896041464246,-25.250515213005365,,-25.275472481408652,-25.654556790595723,,-25.684794998307392,-25.365303617996634,,-25.4018376200438,-25.797290065748008,,-25.804074599852264,-25.156034380125405,,-25.15623050901157,-25.665418680993035,,-25.659351301701186,-25.380907524611004,,-25.370210588277377,-25.624948827310103,,-25.610131626322005,-24.776948495076002,,-24.782654281037214,-25.565169411324803,,-25.561494746194064,1,0
11,2,nback,zero_back,0,-25.614935077337716,,-25.672462994903935,-25.64564448970084,,-25.66396045904655,-25.58849080299059,,-25.605121518754157,-26.08610528186584,,-26.094281410408506,-25.7874392777739,,-25.80538399113177,-25.93901296617086,,-25.956417146769272,-25.67694293362989,,-25.705914121855386,-25.719954381616557,,-25.732508179048835,-25.540821684372503,,-25.556720992944456,-25.86961767915683,,-25.877071901033954,-25.288007261168538,,-25.30287468947492,-25.3918077679657,,-25.400092950699428,4,0
11,2,nback,one_back,1,-25.294421912354565,,-25.388915126189968,-25.488420075254417,,-25.504903764109365,-25.490285404027794,,-25.503280881259045,-26.056350023210605,,-26.06392229134088,-25.68644076041131,,-25.767333266550263,-25.85067664815033,,-25.914861388042773,-25.467998599321838,,-25.531169846574134,-25.58637650838724,,-25.625217467429334,-25.325875435480175,,-25.364691165142496,-25.807042817078962,,-25.821413914218116,-25.008862173378855,,-25.092141654169094,-25.18891203692613,,-25.258315689838142,5,0
11,2,nback,two_back,2,-25.21481083213962,,-25.39931476977065,-25.338062365409392,,-25.36653597394702,-25.48756754283219,,-25.52419088212256,-26.113877908352606,,-26.131205513813544,-25.66938100820779,,-25.780467899432757,-25.86326172201217,,-25.95918485906926,-25.404378669081876,,-25.58358614284783,-25.595883206815685,,-25.699283500771912,-25.31005275110282,,-25.412989083144847,-25.896522553659047,,-25.903090220995814,-24.97408748915894,,-25.113630603166765,-25.213980293785948,,-25.334615559397257,6,0
11,2,matb,matb_easy,0,-25.29346653245249,,-25.315014876826925,-25.447570094034777,,-25.44496635696415,-25.325923896712602,,-25.326364260686944,-26.206785685389008,,-26.20832951566607,-25.809633857432935,,-25.807333798777105,-26.009089118608394,,-26.004964722768968,-25.659427638158213,,-25.6745335170178,-25.904670921347545,,-25.911544303910965,-25.43494018187565,,-25.446010345971057,-26.329908339380044,,-26.3363086654152,-25.431831195293796,,-25.44022191602395,-25.707480672104726,,-25.712636027177194,7,0
11,2,matb,matb_medium,1,-23.324025304251673,,,-24.058260730542578,,,-24.934439687539918,,,-25.524381608489463,,,-24.549980776070235,,,-24.84119302368896,,,-24.3678872519621,,,-24.96074841070009,,,-25.174513176342384,,,-26.00569393631367,,,-24.70284495263258,,,-25.07240452645334,,,2,0
11,2,matb,matb_difficult,2,-24.788561725637827,,-24.919639667762265,-25.085732015212464,,-25.17412551989196,-25.037974486067032,,-25.056565893623045,-26.017469920606295,,-26.054413711527374,-25.372427189052562,,-25.414164767425536,-25.573709412512624,,-25.61399880618462,-25.248877647031744,,-25.279736351729994,-25.647666417068045,,-25.673730074865727,-25.035621093924437,,-25.004983849213193,-26.24032370617871,,-26.239315981628327,-24.788708866678746,,-24.791796910748435,-25.270129372696694,,-25.253998049646782,8,0
11,3,nback,zero_back,0,-25.50907357600745,-25.51089731748885,-25.520612712180665,-25.39145634853861,-25.352043112682725,-25.39137984019999,-25.5390799871336,-25.539591405559285,-25.53980647118282,-25.956908899385002,-25.90900280127594,-25.94612318349409,-25.53253737133995,-25.56270392308253,-25.53849612763969,-25.85063914864097,-25.83282616523992,-25.838260883220958,-25.49406024409126,-25.50192152646227,-25.50891918297634,-25.436183203935496,-25.413324742312486,-25.43667772529811,-25.38861717223838,-25.43728377368759,-25.397094026121543,-25.705922469253053,-25.66630540105076,-25.69435094085364,-25.126996220074044,-25.201474135027695,-25.142537583509103,-25.376672368827272,-25.363254189027888,-25.370378888278456,5,0
11,3,nback,one_back,1,-25.191618681132294,-25.4298751418245,-25.328232497575957,-25.198358307820737,-25.202236407838985,-25.196186039293753,-25.418466577904987,-25.46173139650281,-25.428699746217546,-25.84164041237339,-25.866799400095125,-25.85233245356687,-25.424240359712957,-25.493973410660608,-25.44218727765779,-25.679883945344443,-25.697396637108955,-25.696856305899278,-25.32578566312889,-25.43353970773203,-25.378571410721513,-25.43038586934473,-25.398226234762202,-25.42434862712576,-25.324157746422173,-25.309230732500072,-25.313825416219277,-25.589708483777116,-25.546235503254003,-25.572341017306353,-24.948072534564716,-24.96620356235685,-24.938455502628162,-25.218305373331525,-25.199002202070755,-25.204554452859355,7,0
11,3,nback,two_back,2,-25.17360768084338,-25.27030214669413,-25.19529860789941,-25.046053150572952,-25.019302977268538,-25.03172986827535,-25.347290456316443,-25.397827671623908,-25.37634578791436,-25.91071743999056,-25.912845770508852,-25.9126704172248,-25.46920146255743,-25.50392264362524,-25.478139991508854,-25.887553172638082,-25.905706244010208,-25.88764888441051,-25.30268966262895,-25.448392876924107,-25.320180484717913,-25.380479188683363,-25.438788727079853,-25.37819429047366,-25.401325477599524,-25.46702722098053,-25.405295382858682,-25.637524442289113,-25.669332012099538,-25.629529113692076,-25.030747485445243,-25.18681058636898,-25.057854432229217,-25.424587394382378,-25.529787279914125,-25.439599704660502,2,0
11,3,matb,matb_easy,0,-25.528065895895594,-25.58092834901251,-25.523108094609867,-25.470445614691258,-25.494682391627283,-25.45356239432197,-25.535038822036938,-25.607998299582377,-25.560671966392132,-26.25578169926647,-26.269784792373525,-26.25158225056498,-25.490594774135324,-25.54346975377933,-25.482406618765264,-26.078787912383266,-26.13394026505951,-26.074386324818388,-25.75885186292063,-25.84125930127388,-25.747078654347018,-25.944070663439845,-25.995398646060966,-25.927502055356253,-25.622681646807038,-25.69160359939741,-25.622547706255094,-26.304627339192308,-26.313893547886277,-26.29844067224076,-25.18696021179192,-25.295395413990462,-25.178421355278676,-25.873389833362424,-25.912614822213026,-25.86489364727853,1,0
11,3,matb,matb_medium,1,-25.366422455493776,-25.415988644265,-25.363651993233773,-25.377246053206626,-25.259191783621578,-25.36826846801435,-25.39388901892645,-25.358667555143757,-25.389888629705364,-26.138264239150374,-26.108382099782105,-26.132271649689002,-25.191413985655398,-25.253863042393053,-25.195520272310134,-25.773104681458523,-25.829464133313778,-25.77164230493621,-25.532121237416096,-25.69226719381543,-25.52962295703375,-25.786285008921006,-25.821752497714886,-25.79099258332469,-25.306244233634754,-25.445381409907196,-25.303237167889037,-26.238115375311235,-26.29089879375613,-26.238367165956866,-24.748458147177168,-24.985989931782754,-24.74606596608605,-25.716752217523627,-25.867459800701585,-25.71617343766189,3,0
11,3,matb,matb_difficult,2,-25.15682363345228,-25.56380938790185,-25.18630565908958,-25.202403636993992,-25.49171409485722,-25.19195378672228,-25.22946408605226,-25.528894161099235,-25.227144504434875,-26.024030012601255,-26.144348407150634,-26.023284518297977,-24.93233367699843,-25.229580387758716,-24.94663259152544,-25.568295021772133,-25.74908169370813,-25.571611779886105,-25.42868700476472,-25.635289574144345,-25.445071918523002,-25.72115546402301,-25.854991262272616,-25.72240786838428,-25.089110137601107,-25.274068946907434,-25.100432028511907,-26.166480308122765,-26.212291375492512,-26.159774491924253,-24.364434989598447,-24.60974137450207,-24.387666478497366,-25.337809960435138,-25.438882203857762,-25.350785100691372,6,0
12,1,nback,zero_back,0,-25.46265012276869,,-25.486709372009457,-25.613873612546183,,-25.62912962406246,-25.92214598138843,,-25.97624989661739,-26.071520159812327,,-26.108495650863013,-25.7401017427981,,-25.755505378878695,-25.891208722780608,,-25.897743231802163,-25.884572896927704,,-25.898064689402677,-26.133369760595222,,-26.1394244562461,-26.283050077026992,,-26.316065581566352,-26.307773813370613,,-26.324483169798786,-25.811394203390922,,-25.81297520334271,-25.979512698579526,,-25.98372916087018,6,0
12,1,nback,one_back,1,-25.50651296783326,,-25.50651296783326,-25.626533000723512,,-25.626533000723512,-25.973131915497518,,-25.973131915497518,-26.14824161769159,,-26.14824161769159,-25.780412557043668,,-25.780412557043668,-25.9529581691142,,-25.9529581691142,-25.906181599632262,,-25.906181599632262,-26.12897619453362,,-26.12897619453362,-26.303578215567438,,-26.303578215567438,-26.30452659627147,,-26.30452659627147,-25.81542958950301,,-25.81542958950301,-25.959543277863812,,-25.959543277863812,4,0
12,1,nback,two_back,2,-25.51001445001486,-25.614824376920257,-25.60782142518708,-25.59139609623499,-25.63235655080432,-25.636864984735762,-25.863504162200087,-25.98282054244608,-25.981461078723612,-26.098254070837932,-26.17605984519462,-26.179848426074056,-25.72514128440633,-25.76557078024034,-25.77226780067627,-25.92121096730359,-25.948154155197187,-25.959272127362016,-25.948573792778657,-26.019632351122677,-26.005551850393854,-26.128879636667246,-26.186793375327053,-26.18006508682381,-26.23781328824069,-26.350738778082142,-26.343758813976947,-26.289610329224875,-26.364325111014878,-26.356283433928677,-25.796347990614084,-25.839064692162886,-25.83427522181798,-25.965275840308994,-25.988983483230264,-25.988391161483595,7,0
12,1,matb,matb_easy,0,-25.458474193070803,-25.6035490238836,-25.46572586122178,-25.570647682730414,-25.649209746647113,-25.589961106599876,-25.800406261124074,-25.883369049182146,-25.808018367525264,-26.10482455477362,-26.12755888806696,-26.108541412425378,-25.508370150076058,-25.61213686425512,-25.589936600476484,-25.811912368185876,-25.82193738521495,-25.81490311863773,-26.025035156084254,-26.057980933510752,-26.034561297928803,-26.199220368570774,-26.233927881834553,-26.207637713727284,-26.177974374004453,-26.20356630550401,-26.19542350479784,-26.515870726883136,-26.53446142959749,-26.532530533131254,-25.837425512759125,-25.896555366503407,-25.902297767306298,-26.15479981398812,-26.154038954475457,-26.170181248359103,1,0
12,1,matb,matb_medium,1,-25.2411468684819,-25.474550074070272,-25.2411468684819,-25.49401633036017,-25.575606035115285,-25.49401633036017,-25.72421395376602,-25.877054295322665,-25.72421395376602,-26.108932390272003,-26.153198445444062,-26.108932390272003,-25.459864605505985,-25.579118447220647,-25.459864605505985,-25.721404210104637,-25.801889883820046,-25.721404210104637,-25.950290341384076,-26.008320855793514,-25.950290341384076,-26.178195356071523,-26.16550169418362,-26.178195356071523,-26.197661277191138,-26.139401770445065,-26.197661277191138,-26.524564818075056,-26.51778574753589,-26.524564818075056,-25.864569395764114,-25.862458994197024,-25.864569395764114,-26.193189428857586,-26.195970635326205,-26.193189428857586,3,0
12,1,matb,matb_difficult,2,-25.1173996344476,-25.166648131117643,-25.1173996344476,-25.459153702582476,-25.460729022902967,-25.459153702582476,-25.611106774060623,-25.632849213621498,-25.611106774060623,-26.081166809829273,-26.05701873272663,-26.081166809829273,-25.39172327047724,-25.375444477821045,-25.39172327047724,-25.688751926600787,-25.624360482439283,-25.688751926600787,-25.916901702223512,-25.890332844914273,-25.916901702223512,-26.13811806441302,-26.084129953444982,-26.13811806441302,-26.11867570832071,-26.07804618569249,-26.11867570832071,-26.478178642020417,-26.468807134303763,-26.478178642020417,-25.773366187086282,-25.74434762165207,-25.773366187086282,-26.12893045360184,-26.100890964244353,-26.12893045360184,8,0
12,2,nback,zero_back,0,-25.736903497742382,-25.74533369041239,-25.736903497742382,-25.753877049190066,-25.759431853469458,-25.753877049190066,-26.036900696848374,-26.052846599147696,-26.036900696848374,-26.001332365769475,-26.006405885560923,-26.001332365769475,-25.652403450599888,-25.677004175359386,-25.652403450599888,-25.79269149219846,-25.79600265012871,-25.79269149219846,-26.086321025920746,-26.084971317964097,-26.086321025920746,-26.185751359279255,-26.181446665580456,-26.185751359279255,-26.218281208743473,-26.216506348083062,-26.218281208743473,-26.150283485740204,-26.14178723727986,-26.150283485740204,-25.610488884138242,-25.612024069571543,-25.610488884138242,-25.750170762609034,-25.73808445868276,-25.750170762609034,7,1
12,2,nback,one_back,1,-25.726811849657075,-25.7377591038785,-25.726811849657075,-25.768442679218502,-25.769409029953433,-25.768442679218502,-26.007237770138204,-26.00959298405128,-26.007237770138204,-25.953870321163542,-25.94343806269831,-25.953870321163542,-25.63462179505462,-25.646083634132026,-25.63462179505462,-25.75083721158513,-25.75555099832638,-25.75083721158513,-25.99099774697644,-25.98416171511008,-25.99099774697644,-26.089741175905807,-26.070661107787046,-26.089741175905807,-26.149980861829285,-26.127515926893448,-26.149980861829285,-26.032984489182088,-25.997349820228163,-26.032984489182088,-25.46694336783468,-25.444992975748566,-25.46694336783468,-25.5831065707905,-25.563602861768043,-25.5831065707905,6,1
12,2,nback,two_back,2,-25.66639842109092,-25.689133141130817,-25.693587113051482,-25.656945522230355,-25.6885924286633,-25.68155045454532,-25.962350042707445,-26.029653715107226,-26.013552665352357,-25.969177634146572,-25.988914258888677,-25.998501626271093,-25.673940900388665,-25.686432068663944,-25.684746393221157,-25.80661127288947,-25.81216296922639,-25.814282134875018,-26.15421908749245,-26.19372261939677,-26.16814154388949,-26.21248106661216,-26.250000906219643,-26.221309028424457,-26.34004469234292,-26.436406458440608,-26.381758919534597,-26.308786696035398,-26.35992837156647,-26.336650587603927,-25.724237430730305,-25.777231082023345,-25.730921092335482,-25.924625579187477,-25.981033030843438,-25.936655045935908,2,1
12,2,matb,matb_easy,0,-25.70306160226143,-25.712604332954054,-25.70306160226143,-25.610996943345256,-25.61668162160714,-25.610996943345256,-25.862475141456656,-25.869242750289956,-25.862475141456656,-25.94264121969589,-25.943421310657904,-25.94264121969589,-25.445588823167544,-25.45318155154656,-25.445588823167544,-25.61505580588488,-25.61943376427064,-25.61505580588488,-26.324321975978133,-26.327212492356963,-26.324321975978133,-26.333495967571753,-26.33431287836375,-26.333495967571753,-26.26771102116322,-26.27278789686956,-26.26771102116322,-26.46320261370294,-26.463878218716914,-26.46320261370294,-25.836711354693787,-25.8383805987175,-25.836711354693787,-26.035336244454598,-26.031677969492268,-26.035336244454598,3,1
12,2,matb,matb_medium,1,-25.646090521141534,-25.646090521141534,-25.646090521141534,-25.56536596400647,-25.56536596400647,-25.56536596400647,-25.842072040949883,-25.842072040949883,-25.842072040949883,-25.995411272926855,-25.995411272926855,-25.995411272926855,-25.33470214564435,-25.33470214564435,-25.33470214564435,-25.572465762560515,-25.572465762560515,-25.572465762560515,-26.266886874232377,-26.266886874232377,-26.266886874232377,-26.25671004590011,-26.25671004590011,-26.25671004590011,-26.286077748879716,-26.286077748879716,-26.286077748879716,-26.4914957490674,-26.4914957490674,-26.4914957490674,-25.80328730164287,-25.80328730164287,-25.80328730164287,-26.11133554463005,-26.11133554463005,-26.11133554463005,5,1
12,2,matb,matb_difficult,2,-25.621610015851786,-25.621747710521657,-25.621610015851786,-25.544893355128828,-25.547185306151754,-25.544893355128828,-25.78565001881567,-25.793496134439135,-25.78565001881567,-25.935163960713943,-25.93608550127359,-25.935163960713943,-25.31146861331534,-25.311911191045837,-25.31146861331534,-25.53894545135267,-25.540289119335256,-25.53894545135267,-26.26268823229972,-26.26391977609478,-26.26268823229972,-26.267291271509404,-26.274732683911676,-26.267291271509404,-26.297574828455375,-26.304102268262508,-26.297574828455375,-26.508282537934704,-26.50940552605752,-26.508282537934704,-25.778930801186597,-25.77953106176612,-25.778930801186597,-26.081165110917517,-26.07962208071133,-26.081165110917517,8,1
12,3,nback,zero_back,0,-25.568390264414063,,-25.661262552404263,-25.70994606503969,,-25.74124941760369,-25.890655903069554,,-26.027231634248196,-26.04575070494024,,-26.11781364011386,-25.738094435802687,,-25.77666869570832,-25.975751213037842,,-25.99499826179667,-25.922810337243256,,-25.970094578188977,-26.078089181470816,,-26.082576687268514,-25.925706765427865,,-26.00697210438832,-25.922960275087565,,-25.936853421141123,-25.46829882410506,,-25.46245805877053,-25.673498682906015,,-25.643381512882897,4,0
12,3,nback,one_back,1,-25.445145289476176,,-25.48590277891682,-25.721972486881103,,-25.714042044706716,-26.025563694262782,,-26.051820979495584,-26.092723388312727,,-26.079482698816705,-25.796521650440383,,-25.798020291721837,-26.017076172707277,,-25.987114530601346,-25.894177104401102,,-25.90248731721414,-26.12109888814242,,-26.11288815380057,-26.17159497578094,,-26.168971728127413,-26.143838246040705,,-26.10764466570461,-25.60746055775921,,-25.615689920165515,-25.80751894699237,,-25.784216075477563,5,0
12,3,nback,two_back,2,-25.54654865856596,,-25.55195160451054,-25.723758898169176,,-25.72319627281433,-26.031497046959537,,-26.032966329537086,-26.141776563777928,,-26.12771865371511,-25.811143921235033,,-25.812159105562323,-26.04084922043384,,-26.04241323122878,-26.02982245545071,,-26.03668308383527,-26.229059302236475,,-26.220826831257256,-26.30095546759648,,-26.290989811266954,-26.377893369605637,,-26.35578773953819,-25.803240071140227,,-25.787237547870074,-26.05246525362342,,-26.029397657935675,6,0
12,3,matb,matb_easy,0,-25.596503893742227,,-25.596503893742227,-25.68647156532985,,-25.68647156532985,-25.956318840877678,,-25.956318840877678,-26.1258045797343,,-26.1258045797343,-25.590234243282485,,-25.590234243282485,-25.83465212080583,,-25.83465212080583,-26.209942052248778,,-26.209942052248778,-26.365895123140405,,-26.365895123140405,-26.31376607086735,,-26.31376607086735,-26.569799177855533,,-26.569799177855533,-25.96076592980398,,-25.96076592980398,-26.23098876865444,,-26.23098876865444,3,0
12,3,matb,matb_medium,1,-25.368281755158556,,-25.368281755158556,-25.496435204007643,,-25.496435204007643,-25.741046980269807,,-25.741046980269807,-26.030413034151405,,-26.030413034151405,-25.340923329194048,,-25.340923329194048,-25.656724102582686,,-25.656724102582686,-26.09587501365888,,-26.09587501365888,-26.22404877952161,,-26.22404877952161,-26.17489710634604,,-26.17489710634604,-26.41522743833975,,-26.41522743833975,-25.77166724034882,,-25.77166724034882,-26.12670467411034,,-26.12670467411034,8,0
12,3,matb,matb_difficult,2,-25.406515650517605,,-25.406515650517605,-25.503484300908017,,-25.503484300908017,-25.71332232680861,,-25.71332232680861,-26.074183094814664,,-26.074183094814664,-25.340697243530006,,-25.340697243530006,-25.657312199075854,,-25.657312199075854,-26.128374009771967,,-26.128374009771967,-26.221325320899773,,-26.221325320899773,-26.222178485624262,,-26.222178485624262,-26.52058906718172,,-26.52058906718172,-25.81606295029832,,-25.81606295029832,-26.181739939917154,,-26.181739939917154,2,0
13,1,nback,zero_back,0,-26.31638856360177,-26.35151320976401,-26.31638856360177,-26.73832558749647,-26.775809466354367,-26.73832558749647,-26.704363206213554,-26.769975728683107,-26.704363206213554,-27.16431242250591,-27.213727365760178,-27.16431242250591,-26.495361426671025,-26.5167121966683,-26.495361426671025,-26.595329469809535,-26.61542528218244,-26.595329469809535,-26.78617255362142,-26.798920715769462,-26.78617255362142,-27.142672122991655,-27.143726252395055,-27.142672122991655,-26.94481510942878,-26.993422159157895,-26.94481510942878,-27.280715203472532,-27.307015369479466,-27.280715203472532,-26.641573075943874,-26.648906625811552,-26.641573075943874,-26.760196591188674,-26.762405074248626,-26.760196591188674,6,0
13,1,nback,one_back,1,-26.204544978665357,-26.296275305992737,-26.25189786621977,-26.693865813077366,-26.74504229454116,-26.717175407853052,-26.649275342394017,-26.710058686326,-26.69713530208992,-27.004170024795034,-26.996431881080202,-27.03076814640375,-26.444711743971865,-26.43897258843259,-26.47201739246076,-26.576137531202598,-26.584409807054264,-26.602315078967838,-26.682570305553384,-26.683040054379724,-26.718546494242002,-27.137110333545934,-27.090087319774312,-27.152627267123147,-26.979929232764597,-26.968583502156537,-27.01199344258232,-27.252555493478354,-27.218186074756392,-27.277068124842344,-26.61346485572645,-26.498199698388476,-26.634351737818015,-26.719952523744336,-26.598014790793457,-26.736767939684892,2,0
13,1,nback,two_back,2,-26.186050273226154,-26.36786504617369,-26.345012791434375,-26.63719958825485,-26.692477630430776,-26.70005168095808,-26.67046366352041,-26.689794399322462,-26.723034830816374,-27.202790160903362,-27.20479177709657,-27.23396001693073,-26.429795237150255,-26.447688905200387,-26.47007873965639,-26.565924497254628,-26.588987017809586,-26.610480580022664,-26.7879215419823,-26.937388216690227,-26.873489425611954,-27.18373583873785,-27.286630393785188,-27.25942284822706,-27.103923294199713,-27.17876101482201,-27.148892286786342,-27.482796777701726,-27.565479102187517,-27.52193887134805,-26.696660358212167,-26.795214624491877,-26.744422357608403,-26.827533463689967,-26.90060945993706,-26.87210479158099,4,0
13,1,matb,matb_easy,0,-25.99652404005865,-26.014974950618864,-25.99652404005865,-26.43924311448761,-26.461748272298763,-26.43924311448761,-26.369117179455067,-26.35730184516193,-26.369117179455067,-26.821625738885167,-26.786666870273926,-26.821625738885167,-26.0139991069396,-26.033041041658425,-26.0139991069396,-26.25770375576964,-26.266415584853316,-26.25770375576964,-26.628104099090976,-26.597168737461462,-26.628104099090976,-27.03556838563875,-26.99467379561924,-27.03556838563875,-26.73269197749583,-26.654330531182804,-26.73269197749583,-27.058876168746202,-26.960942000603378,-27.058876168746202,-26.455260885043593,-26.417041260356264,-26.455260885043593,-26.611714956883294,-26.561690176687353,-26.611714956883294,3,0
13,1,matb,matb_medium,1,-25.72927469416015,,-25.72927469416015,-26.237293802148297,,-26.237293802148297,-26.19260780152641,,-26.19260780152641,-26.798591637318108,,-26.798591637318108,-25.77929428640088,,-25.77929428640088,-25.988446079609876,,-25.988446079609876,-26.378962447412793,,-26.378962447412793,-26.79242168137427,,-26.79242168137427,-26.660261212266207,,-26.660261212266207,-27.139246385892637,,-27.139246385892637,-26.232204959191222,,-26.232204959191222,-26.4003715407193,,-26.4003715407193,7,0
13,1,matb,matb_difficult,2,-25.660215154379816,-25.694074336619465,-25.66768915390667,-26.1236346317058,-26.14177803016389,-26.13082046213371,-25.9987969714419,-26.02451775312031,-26.004752274018003,-26.66870646548868,-26.691453049681176,-26.675083244854154,-25.683615549870456,-25.68602299966589,-25.685759441640066,-25.89512043375852,-25.899236107140588,-25.897763337307378,-26.455692827720856,-26.4582311421836,-26.460648223822915,-26.817831483076414,-26.81264734696612,-26.818473443143237,-26.704775205607927,-26.705490972857792,-26.70808547479848,-27.221560707237835,-27.21945284434563,-27.221956810932376,-26.19266678263865,-26.193160566204455,-26.193891199308762,-26.354250884784303,-26.357527733592804,-26.354481021876484,8,0
13,2,nback,zero_back,0,-24.540392986564434,-25.612084890271575,-24.537891353043857,-25.992843361154314,-26.585777098026753,-25.988520795566192,-26.441561484881255,-26.699670083859587,-26.448680713096582,-26.45819170680058,-26.875437010027984,-26.465571830621087,-25.861381308041672,-26.33217607285322,-25.858186927337986,-25.883740401158967,-26.376288505076186,-25.879902137266548,-26.399950451260555,-26.720154634926477,-26.405772798990505,-27.064558964610494,-27.054353095760806,-27.077771993771456,-26.877351645699527,-26.80560481803275,-26.900696074465227,-27.00190221279604,-26.89265164177547,-27.017144627321983,-26.530752178624077,-26.476946769489633,-26.5472483308646,-26.594877835316503,-26.521218207829293,-26.611419841693074,7,0
13,2,nback,one_back,1,-24.917396281871422,-25.466958518892742,-24.968006226489063,-26.117122876599332,-26.30306520070128,-26.148680921700905,-26.44135439235918,-26.54150028353868,-26.453776631714934,-26.480877296442895,-26.66492686322419,-26.50193007510745,-25.98503717476265,-26.143790602735976,-26.01254923820027,-25.99960474598437,-26.16783997501866,-26.028170421454718,-26.44063108156955,-26.67664669275423,-26.477522037189967,-26.961407833355644,-26.953223477270775,-26.975476257481233,-26.794152556202462,-26.75518366200682,-26.799038082639804,-26.93255525562758,-26.836207239114305,-26.94200460923464,-26.44027860536408,-26.4130684136313,-26.45099064704642,-26.483171325258603,-26.43986162635278,-26.49500518260893,3,0
13,2,nback,two_back,2,-24.847867013340803,-25.241419337689642,-24.866577773493084,-26.083344748440396,-26.396142711575656,-26.13919564274431,-26.476101138928275,-26.569669370856026,-26.476841675562202,-26.493557987900978,-26.62734004672749,-26.488957346232038,-26.02286919784528,-26.229189911876766,-26.0224030739692,-26.016072377099558,-26.235369914730093,-26.015200889506527,-26.63410871424913,-26.79783688553321,-26.66225515719004,-27.076077444389313,-27.204959343062097,-27.13129063529075,-26.984541250351743,-27.039966341293724,-26.987802530749295,-27.13508705583735,-27.13697129312272,-27.132328035935522,-26.66251667426894,-26.7320381405888,-26.671923746123458,-26.674923915977388,-26.7351807659986,-26.68369817317235,1,0
13,2,matb,matb_easy,0,-25.207218242609308,-25.93195709578646,-25.254915892282533,-26.0537653412235,-26.39534676593778,-26.082527520981323,-26.11519438787926,-26.25079352068422,-26.127150168157478,-26.459009237710905,-26.641715052981663,-26.476054380193144,-25.809129503829684,-26.048647113700884,-25.826113977649076,-25.888076522514474,-26.151756754697175,-25.907469135856488,-26.418218694498087,-26.63590112561192,-26.438255476366844,-26.88715887441597,-26.962823684451738,-26.89529262890258,-26.659797132238996,-26.714746127773388,-26.665718057528785,-27.00115205987569,-27.023620026644874,-27.00538563317272,-26.43582116079832,-26.503398614564173,-26.439546246143927,-26.50531073807366,-26.57313447549716,-26.507836148885897,4,0
13,2,matb,matb_medium,1,-24.41270038318068,-25.291084737453232,-24.47267639988487,-25.4713203436349,-26.061485021115672,-25.484887141171075,-25.75486174259229,-26.025223968164017,-25.736207356767114,-26.243410048820184,-26.526502195312485,-26.268344656585416,-25.345105717799846,-25.722633448807173,-25.364352509243247,-25.388697604157436,-25.784291071498192,-25.41212195088403,-25.796141619334783,-26.120581924054125,-25.807535516281412,-26.559898116115388,-26.683194292684192,-26.557948773276337,-26.438339282288485,-26.4822473556964,-26.4343267807071,-26.74687162431843,-26.84368534291973,-26.740768834971753,-26.146409719454123,-26.276752206360527,-26.149206864550457,-26.224497599452523,-26.327151601769884,-26.229887079116462,2,0
13,2,matb,matb_difficult,2,-24.664836896781253,-25.247708358782585,-24.68993151025621,-25.648579145551267,-25.984816350935493,-25.661544421580704,-25.934773183245962,-26.118055563780626,-25.94529144688356,-26.34837372117366,-26.55082505250455,-26.359338025661717,-25.42602792254947,-25.60280684773949,-25.438514475743006,-25.50021990644609,-25.688181877829575,-25.513103192749824,-25.931917337373473,-26.163347312800457,-25.944655854336695,-26.69842715205059,-26.751015334309933,-26.702257970212557,-26.66804029478197,-26.69956868610436,-26.667448218617317,-26.91095696882014,-26.948286644172573,-26.909168570589223,-26.194822217007342,-26.209655803492183,-26.200229812959286,-26.310212952226124,-26.29412325133711,-26.314664208388624,5,0
13,3,nback,zero_back,0,-25.847788447169698,,-25.90216458318264,-26.488532010842867,,-26.516245046246542,-26.52506562012459,,-26.559520036184466,-26.827648284464246,,-26.835127945273925,-26.448247362835694,,-26.488253188180774,-26.795665355846047,,-26.832129576246345,-26.455117911225283,,-26.491849582174837,-26.917255647238076,,-26.92614572772501,-26.742034693165195,,-26.74981928048507,-26.944498956050538,,-26.929078735821264,-26.569131094476027,,-26.60227885669659,-26.905760694388867,,-26.9185657192218,8,0
13,3,nback,one_back,1,-25.361439367704733,,,-26.285665353926046,,,-26.21963088262164,,,-26.622440645315088,,,-26.336771992857347,,,-26.67989064239725,,,-26.018524719063393,,,-26.74622346406483,,,-26.47293609352583,,,-26.86702017546085,,,-26.450820532160833,,,-26.823988385593918,,,2,0
13,3,nback,two_back,2,-25.963204904155546,,-25.999702519269906,-26.43446686211071,,-26.431435524684474,-26.4708876015673,,-26.491188834301365,-26.84716715457097,,-26.85168232483027,-26.48412163022766,,-26.494341341297424,-26.839768112915063,,-26.845599891743813,-26.51748323429898,,-26.549794729732476,-26.959675518678317,,-26.973530882868772,-26.744048882397415,,-26.76148989943923,-27.067538705824717,,-27.07651695057926,-26.611859230732218,,-26.6335087861222,-26.991750034186225,,-27.006201335752365,7,0
13,3,matb,matb_easy,0,-25.42378884243492,,-25.52900576340208,-26.089287666637112,,-25.980218228656625,-25.914750626997236,,-25.799018613588128,-26.523834684480025,,-26.4614263127141,-25.98953352522468,,-25.875452362195663,-26.413625083852647,,-26.29560842094769,-26.10061771532934,,-26.117265818662204,-26.73516001098252,,-26.565796194813938,-26.34296736686809,,-26.257091935894337,-26.920463965628525,,-26.83627696623007,-26.385827370326787,,-26.21592126716693,-26.853846207808704,,-26.670691173235397,3,0
13,3,matb,matb_medium,1,-25.3761042330717,,-25.3761042330717,-25.926646297046958,,-25.926646297046958,-25.809618811635435,,-25.809618811635435,-26.473175364881076,,-26.473175364881076,-25.787012385080594,,-25.787012385080594,-26.109897070880287,,-26.109897070880287,-26.161108560235036,,-26.161108560235036,-26.65073782942409,,-26.65073782942409,-26.36945803482129,,-26.36945803482129,-26.93588767238071,,-26.93588767238071,-26.293056463117292,,-26.293056463117292,-26.710746680339938,,-26.710746680339938,4,0
13,3,matb,matb_difficult,2,-25.39160518237578,,,-25.953093075427603,,,-25.873664986447604,,,-26.51527761062736,,,-25.808287936912773,,,-26.19050504976958,,,-26.166648060448576,,,-26.68422044075213,,,-26.479954384229394,,,-27.04200168709905,,,-26.28765185025911,,,-26.716442394542728,,,6,0
14,1,nback,zero_back,0,-25.51029313365811,-25.60043607654542,-25.537253420839182,-25.662106548525866,-25.704284306310765,-25.672683123024004,-25.80059321413769,-25.895730649688552,-25.84561025504519,-26.226304950596504,-26.260752975094814,-26.232417659987473,-25.597315449424222,-25.63300491214337,-25.605256653252034,-25.435419894867003,-25.46316812489229,-25.442293577599408,-25.750880177248227,-25.766056976962123,-25.762473292806185,-25.959954229749073,-25.944518560922603,-25.96003712911736,-25.97183816815552,-26.010384680608905,-26.008027962999627,-25.891839178577065,-25.86700264036837,-25.892494704984767,-25.493452370052818,-25.500175064274394,-25.498199334611893,-25.37896237610028,-25.378358223183884,-25.383895054244608,2,0
14,1,nback,one_back,1,-25.544757961462917,-25.60586927158288,-25.58911313548274,-25.573634382293243,-25.58107089321012,-25.58158853427709,-25.776607169161913,-25.819916178632013,-25.814030904025337,-26.15931757511162,-26.198949542107567,-26.181988040472937,-25.517544118074348,-25.549922709094748,-25.541558065835297,-25.384937668171393,-25.393502681119106,-25.398462191725763,-25.740025751713556,-25.75453252236028,-25.759272875914046,-25.8442781562381,-25.845057690363564,-25.85213471564216,-25.867154033807264,-25.912912212743162,-25.882182518030174,-25.718614316507786,-25.74076142905254,-25.71444847136387,-25.264101395495647,-25.32750729187354,-25.288263447378753,-25.287108072761786,-25.320696131608745,-25.30128787374268,8,0
14,1,nback,two_back,2,-25.449247480027775,-25.490813652831434,-25.472730183183174,-25.499541097303286,-25.50198202542552,-25.50387196251637,-25.727897142795953,-25.762088203471244,-25.753397419285562,-26.113680667908707,-26.122543766993854,-26.117870234687736,-25.523793209617967,-25.541958881634315,-25.53196347698445,-25.385402910745885,-25.400586275085466,-25.392078560468423,-25.760609784617063,-25.78710145409303,-25.768879554757614,-25.871064870373907,-25.87462622488083,-25.872233868687033,-25.977425999440054,-25.993106951193326,-25.989521787049533,-25.86981136158337,-25.850314653071326,-25.862298600715683,-25.37994013626484,-25.403109461005553,-25.392702064176355,-25.310092434321902,-25.324230374307064,-25.314152039548173,7,0
14,1,matb,matb_easy,0,-24.964572942045844,-24.98166195163083,-24.964572942045844,-25.271106432375664,-25.278595663253355,-25.271106432375664,-25.367987693171642,-25.388957952716837,-25.367987693171642,-25.944407872606497,-25.950976014596442,-25.944407872606497,-25.217984681688606,-25.22254240196104,-25.217984681688606,-25.00162341730599,-25.006676843824675,-25.00162341730599,-25.619016298724976,-25.62360438127351,-25.619016298724976,-25.857157654500263,-25.863884937233234,-25.857157654500263,-25.827963492554034,-25.837773806623087,-25.827963492554034,-26.036577881295,-26.04211329738559,-26.036577881295,-25.51251601359263,-25.51923008394473,-25.51251601359263,-25.327621340698066,-25.336428929838885,-25.327621340698066,3,0
14,1,matb,matb_medium,1,-24.41509387877212,-25.076353516008616,-24.41509387877212,-25.004511363048913,-25.345741696516665,-25.004511363048913,-24.951364387012504,-25.47578393757684,-24.951364387012504,-25.641815223767377,-25.994532437342144,-25.641815223767377,-25.006906347582472,-25.138546168208876,-25.006906347582472,-24.78507973477332,-24.901808097527752,-24.78507973477332,-25.432659416783338,-25.568382509155764,-25.432659416783338,-25.803609646347955,-25.82990053774409,-25.803609646347955,-25.739372225443855,-25.816331520681185,-25.739372225443855,-26.023116296658145,-26.052436612049547,-26.023116296658145,-25.362642142537375,-25.38405589148383,-25.362642142537375,-25.169805533122226,-25.193343173416515,-25.169805533122226,5,0
14,1,matb,matb_difficult,2,-24.601105508124498,-25.061780158593475,-24.618858983748574,-25.05731002281613,-25.27388132428405,-25.071398719662547,-25.090676166084563,-25.47922248510452,-25.10836349357523,-25.72565410744298,-25.95979054839755,-25.736038617864054,-24.955642972650136,-25.040032763267273,-24.957068325095815,-24.74580828470552,-24.818244333570373,-24.744768437621122,-25.500528414954573,-25.634039776615804,-25.50436812973545,-25.833588127745863,-25.928003203664286,-25.83455980016736,-25.82029688194941,-25.913010776865605,-25.8192932686057,-26.09625807755791,-26.08489597850615,-26.09506167357728,-25.27230144795421,-25.344932511190592,-25.27055807787411,-25.159276546553077,-25.20275255494163,-25.15528860989222,4,0
14,2,nback,zero_back,0,-25.353574341632047,-25.410075043632265,-25.391221581958575,-25.59449937290355,-25.627563076382348,-25.62302773116956,-25.81460894993549,-25.851228025605533,-25.843952018092388,-26.15672854450829,-26.168136722575873,-26.17056053307333,-25.493592280312736,-25.517466401714476,-25.515590932881985,-25.612559892105843,-25.6378111408551,-25.62669950306493,-25.587990709198674,-25.593552683051573,-25.601898971314785,-25.82327864014502,-25.815456945181957,-25.83132178740881,-25.91087011408498,-25.90734117881316,-25.919722642137906,-25.7166406955564,-25.695981840869816,-25.710173474171846,-25.29130916136302,-25.3057229138369,-25.30901340168507,-25.487410908452432,-25.497679255606748,-25.490274035058466,8,0
14,2,nback,one_back,1,-25.50075213103243,-25.559882557352633,-25.533832046753087,-25.551006892349523,-25.57762780561012,-25.56813491665657,-25.82947142027443,-25.863174310123977,-25.850385160116943,-26.16700258229886,-26.179105241171893,-26.17850371664559,-25.576199029261073,-25.60510387522081,-25.596585272973726,-25.672331444872153,-25.702041690044727,-25.689281807933067,-25.76018265334126,-25.777344241515898,-25.772742793934775,-25.83910599162624,-25.8425429491094,-25.84206671173604,-25.98605195452405,-25.988943410279113,-25.987319232559635,-25.85594047955208,-25.845690007307578,-25.850372837312122,-25.4079018502023,-25.425329908640755,-25.42324683122324,-25.53901904823113,-25.54778111115335,-25.547130305139444,2,0
14,2,nback,two_back,2,-25.424652146636607,-25.471826233997273,-25.424652146636607,-25.56104250197111,-25.58389886721339,-25.56104250197111,-25.784776930623156,-25.81655794969773,-25.784776930623156,-26.10989087629941,-26.11530101297567,-26.10989087629941,-25.55094920358154,-25.570787175196205,-25.55094920358154,-25.63744093364998,-25.657369915054083,-25.63744093364998,-25.745043091051784,-25.75764134597246,-25.745043091051784,-25.895656527821018,-25.90199770762095,-25.895656527821018,-25.973911890308155,-25.988496998395174,-25.973911890308155,-25.77303510031165,-25.77698018542678,-25.77303510031165,-25.450953328508792,-25.464753808657456,-25.450953328508792,-25.589133555216332,-25.60100506274883,-25.589133555216332,5,0
14,2,matb,matb_easy,0,-25.001514765594663,-25.164360219367683,-25.001514765594663,-25.283017638501217,-25.359769837406574,-25.283017638501217,-25.486270359655624,-25.577248929158003,-25.486270359655624,-26.049552924588863,-26.076143829661806,-26.049552924588863,-25.32883637710514,-25.396497912803017,-25.32883637710514,-25.39248800555553,-25.476496853627598,-25.39248800555553,-25.61786719400817,-25.64779602364317,-25.61786719400817,-25.808368586715677,-25.822905166398584,-25.808368586715677,-25.92583339703574,-25.94196534416463,-25.92583339703574,-26.154979734964535,-26.160997883545928,-26.154979734964535,-25.537422630514094,-25.544156675960505,-25.537422630514094,-25.63936702746811,-25.658947346601845,-25.63936702746811,4,0
14,2,matb,matb_medium,1,-24.370066713491795,-24.850395966041297,-24.347392572340425,-24.885779265105157,-25.18263275098498,-24.873557097689773,-25.05200099614422,-25.348821573610977,-25.036995627471665,-25.734390697031447,-25.86763292411021,-25.72405534927123,-24.94736835266459,-25.058934172664408,-24.937784531950385,-24.95487056869685,-25.07749666911804,-24.937936634957897,-25.32959954143862,-25.48631253607013,-25.32020368288702,-25.588145806260663,-25.684865464583147,-25.580872144078498,-25.70256200902144,-25.772664661066706,-25.697464643262087,-25.98589203853529,-26.02632183518554,-25.98341365199058,-25.377816979038965,-25.46264913528156,-25.37530622731646,-25.43529548689335,-25.55736798296948,-25.431717245863037,3,0
14,2,matb,matb_difficult,2,-24.056943146101545,-24.89299768613975,-24.06052775561746,-24.583709706259572,-25.15978365210172,-24.585680038331517,-24.80311929148024,-25.43646259025099,-24.807567093829892,-25.62941532005426,-25.98434471827884,-25.63459012598113,-24.850222815340782,-25.04550811722487,-24.85658587207441,-24.90051256632966,-25.083809586235645,-24.91238607336372,-25.210448391651354,-25.415776201048587,-25.211866221078353,-25.574211680187574,-25.695364820169413,-25.574049898461073,-25.694919345011378,-25.79175063133773,-25.693808543352155,-26.062188428933364,-26.113316071214463,-26.062657178383834,-25.339596975581383,-25.44060568745391,-25.342965129860012,-25.373937832987338,-25.45928334769314,-25.3785705427391,6,0
14,3,nback,zero_back,0,-25.90796978108396,-25.909000154810546,-25.90796978108396,-25.67487420323828,-25.67679315245483,-25.67487420323828,-26.200595810015205,-26.200056441967398,-26.200595810015205,-26.331515963043522,-26.329215331570186,-26.331515963043522,-25.69933929292074,-25.7083287239692,-25.69933929292074,-25.59219687308738,-25.58840529523455,-25.59219687308738,-25.977159831821563,-25.97625756497199,-25.977159831821563,-25.883116603011437,-25.881700394935354,-25.883116603011437,-26.127018914947406,-26.12338635256468,-26.127018914947406,-25.817751730561703,-25.812471489797282,-25.817751730561703,-25.48818805621333,-25.490410689539715,-25.48818805621333,-25.335959958065096,-25.334586407836323,-25.335959958065096,5,0
14,3,nback,one_back,1,-25.863163192006397,-25.860841553946447,-25.860841553946447,-25.61385868420802,-25.60685647658772,-25.60685647658772,-26.168377704808762,-26.16791467076102,-26.16791467076102,-26.308631041112232,-26.30659905027612,-26.30659905027612,-25.669953032123257,-25.67322161563941,-25.67322161563941,-25.566068609248028,-25.565321607077315,-25.565321607077315,-26.020700030569248,-26.012789406674862,-26.012789406674862,-25.861411192686834,-25.853020396631862,-25.853020396631862,-26.149919894818037,-26.142303149116458,-26.142303149116458,-25.880280255824022,-25.86057928669481,-25.86057928669481,-25.550476002697717,-25.55461863031464,-25.55461863031464,-25.416704058806243,-25.40639139166689,-25.40639139166689,8,0
14,3,nback,two_back,2,-25.636287864479424,-25.636287864479424,-25.636287864479424,-25.455362277566937,-25.455362277566937,-25.455362277566937,-26.067916854119538,-26.067916854119538,-26.067916854119538,-26.145641780226335,-26.145641780226335,-26.145641780226335,-25.567646714758702,-25.567646714758702,-25.567646714758702,-25.446531924290625,-25.446531924290625,-25.446531924290625,-26.03975779787,-26.03975779787,-26.03975779787,-25.942229739339677,-25.942229739339677,-25.942229739339677,-26.22052633836672,-26.22052633836672,-26.22052633836672,-25.924556308593687,-25.924556308593687,-25.924556308593687,-25.623433736674865,-25.623433736674865,-25.623433736674865,-25.457303954170964,-25.457303954170964,-25.457303954170964,2,0
14,3,matb,matb_easy,0,-25.74226642186761,-25.7438706868797,-25.74226642186761,-25.533273075697085,-25.547201046377552,-25.533273075697085,-25.96188000106366,-25.974887563253862,-25.96188000106366,-26.11026507488923,-26.110635369435762,-26.11026507488923,-25.291684807536722,-25.307576703632055,-25.291684807536722,-25.26240081733226,-25.26854903055521,-25.26240081733226,-26.165320184288724,-26.161099569815416,-26.165320184288724,-26.055160872319828,-26.052186295186434,-26.055160872319828,-26.202220225862057,-26.20757945240579,-26.202220225862057,-26.259902578620824,-26.264902386575194,-26.259902578620824,-25.377612902638848,-25.390802386383026,-25.377612902638848,-25.49631458057789,-25.48979598712822,-25.49631458057789,1,0
14,3,matb,matb_medium,1,-25.553561876044412,-25.552689164798466,-25.553561876044412,-25.443355710329183,-25.441159657076568,-25.443355710329183,-25.89383983943862,-25.89922955564951,-25.89383983943862,-26.0600079867558,-26.07027080358832,-26.0600079867558,-25.16396418857023,-25.166339030104083,-25.16396418857023,-25.024918493451437,-25.026911213084055,-25.024918493451437,-26.076969575635236,-26.072648874113042,-26.076969575635236,-26.027889335106487,-26.022144582117196,-26.027889335106487,-26.194022923006766,-26.19337243249083,-26.194022923006766,-26.288714356298506,-26.288947794976156,-26.288714356298506,-25.512885243949462,-25.512241354155147,-25.512885243949462,-25.423685180025906,-25.422018964453713,-25.423685180025906,3,0
14,3,matb,matb_difficult,2,-25.3988065367019,-25.40339513926379,-25.3988065367019,-25.3092866328011,-25.31375440645276,-25.3092866328011,-25.79414589956242,-25.796919634574305,-25.79414589956242,-25.953791537669556,-25.95170507743192,-25.953791537669556,-25.02986272692046,-25.03564130838942,-25.02986272692046,-24.868211292443345,-24.87460956810856,-24.868211292443345,-26.004122920236426,-26.00701745202668,-26.004122920236426,-25.934258297027885,-25.93567400604003,-25.934258297027885,-26.15690013518205,-26.160835520274475,-26.15690013518205,-26.268523149932875,-26.269783652966417,-26.268523149932875,-25.47785429405486,-25.47928142443082,-25.47785429405486,-25.358346880351466,-25.359545454389504,-25.358346880351466,4,0
15,1,nback,zero_back,0,-25.909460876719567,-25.992092938122443,-25.96239631740318,-25.885486944123603,-25.91122693665545,-25.891876281483846,-26.200277035260797,-26.232931558428195,-26.208068280218242,-26.24945532151093,-26.26418491461904,-26.25633016944682,-25.528064836013755,-25.53321633363559,-25.53397667474845,-25.548120034478366,-25.53017257104505,-25.550137293097936,-25.202962043622204,-25.209082817116744,-25.200688160633515,-25.315444380493737,-25.310342393335727,-25.300039635101463,-25.16063138724663,-25.117150434027458,-25.138121607513515,-24.894117820083473,-24.801783234292376,-24.869458858152854,-24.290327924238817,-24.22153513267709,-24.266395298437775,-23.84529962142117,-23.746445464145356,-23.812069958148484,5,0
15,1,nback,one_back,1,-25.862750546844566,-25.908140300582758,-25.89931170314267,-25.8275133565239,-25.82721821478395,-25.83461872038419,-26.134899968318663,-26.16852457826642,-26.160886154148443,-26.226621589729564,-26.22767614111212,-26.23327458250043,-25.499519121547248,-25.48180607116052,-25.49241471234542,-25.555268469664945,-25.526119548568513,-25.54479041310866,-25.25826152961861,-25.244425794946835,-25.25677487734576,-25.342194756239213,-25.311986764416258,-25.337464756704456,-25.16811025536079,-25.13464597051172,-25.163512536080713,-24.94574427307731,-24.898208614111077,-24.934419383385883,-24.36067032147324,-24.29889354532294,-24.336194685247914,-23.973357286810526,-23.903649114088378,-23.950938634520455,7,0
15,1,nback,two_back,2,-25.920781281863267,-26.03214933310739,-25.96239408995164,-25.877457503833,-25.902107601901463,-25.879654909936523,-26.23583759601308,-26.335652490136567,-26.252519343759825,-26.363422767113708,-26.492377249332662,-26.377676047118246,-25.602219130613207,-25.699452686354665,-25.619417944691843,-25.671796928534448,-25.81911078834046,-25.676832781255868,-25.644028783074077,-25.831845565233255,-25.67734185186095,-25.728639193856953,-25.883863067045723,-25.736659464455187,-25.6474109402423,-25.76235793817392,-25.65502962811884,-25.445482307486692,-25.523520726625307,-25.44150807842913,-24.798093124303264,-24.933665514054592,-24.804717182540045,-24.500751442103834,-24.612146740659195,-24.49490349844181,6,0
15,1,matb,matb_easy,0,-25.86138092154759,-25.859878272914514,-25.8773369964965,-25.8508053354754,-25.824868552945855,-25.854471768750603,-26.20730053336472,-26.22109621153582,-26.212603420531398,-26.340353138435955,-26.372507058303857,-26.343812424280596,-25.433590136581632,-25.43762466764301,-25.440676440039702,-25.357353007647692,-25.34789142417456,-25.366519565927895,-25.741186574798327,-25.733087953344857,-25.747084113097955,-25.7291696639898,-25.702289565063985,-25.733823545576623,-25.694020600712353,-25.676026686140748,-25.696952633897702,-25.656198993009788,-25.644856715128075,-25.659328721032665,-24.976796673435338,-24.964546235999094,-24.98300089006643,-24.819914314995806,-24.793204923818188,-24.823673873139754,4,0
15,1,matb,matb_medium,1,-25.631200902603855,-25.701121036606523,-25.631200902603855,-25.693855641987774,-25.74648905794167,-25.693855641987774,-26.037725787015244,-26.104522729408526,-26.037725787015244,-26.172384850550433,-26.222213456389508,-26.172384850550433,-25.217337482444016,-25.27145100106895,-25.217337482444016,-25.025084565824542,-25.09600416836096,-25.025084565824542,-25.892008850321748,-25.865430368496927,-25.892008850321748,-25.933637055030015,-25.899405711864404,-25.933637055030015,-25.828256574916157,-25.761242580156864,-25.828256574916157,-25.994409139574156,-25.873083144685253,-25.994409139574156,-25.291924763162882,-25.239658822561097,-25.291924763162882,-25.149484399229085,-25.064937070364266,-25.149484399229085,8,0
15,1,matb,matb_difficult,2,-25.470634606900884,-25.548827922230977,-25.470634606900884,-25.542682351395488,-25.582000570027905,-25.542682351395488,-25.794834329715023,-25.8587768495648,-25.794834329715023,-26.078880529926963,-26.102774634961975,-26.078880529926963,-25.130687120670082,-25.156388721884625,-25.130687120670082,-24.965549868529756,-24.984445124697423,-24.965549868529756,-25.691205625407417,-25.7138528814312,-25.691205625407417,-25.804327478798598,-25.798306887329367,-25.804327478798598,-25.73150625655064,-25.737001863128377,-25.73150625655064,-25.961408146572015,-25.934255192725196,-25.961408146572015,-25.279682098717977,-25.289091819103092,-25.279682098717977,-25.14568903241098,-25.115363268810714,-25.14568903241098,1,0
15,2,nback,zero_back,0,-25.728467982566674,-25.834434691169474,-25.728467982566674,-25.814228183936756,-25.87882764146945,-25.814228183936756,-25.99401670565462,-26.032915861931194,-25.99401670565462,-26.038375432152602,-26.084118417241132,-26.038375432152602,-25.436550014317188,-25.44241461743735,-25.436550014317188,-25.35492746775361,-25.420258074771237,-25.35492746775361,-25.008298255522572,-24.978766192390857,-25.008298255522572,-25.17719686776515,-25.170333588148324,-25.17719686776515,-24.950337428524772,-24.954209941281892,-24.950337428524772,-24.602482523677498,-24.62667193076026,-24.602482523677498,-24.080637741238384,-24.02926943106116,-24.080637741238384,-23.59499955066791,-23.509689583492293,-23.59499955066791,5,0
15,2,nback,one_back,1,-25.71955409675545,-25.789664797027413,-25.725865921678103,-25.767169449542262,-25.775004777777266,-25.765527875317574,-25.993598051691265,-26.01214361445462,-25.990645348751844,-26.067289198190085,-26.062669541142377,-26.06272727250834,-25.4531820689176,-25.444273894745134,-25.45368261173361,-25.47388387020168,-25.458722002689232,-25.47718719352812,-25.1215226953521,-25.136354957313895,-25.13091872196867,-25.25816962894047,-25.2407226727547,-25.260302597134594,-25.039602727493868,-25.02925894034072,-25.038541256233536,-24.798699816564106,-24.765640753009553,-24.80042467824316,-24.252445317103152,-24.226133976778822,-24.253826340345608,-23.79957056930499,-23.77434860523708,-23.801389610155006,3,0
15,2,nback,two_back,2,-25.700664750816475,-25.770376077970077,-25.726357124413436,-25.726103107844814,-25.737617932407094,-25.732818104517158,-26.00163313240119,-25.99016911065489,-26.004897098195954,-26.10721279179951,-26.06176439295077,-26.10016428699716,-25.44410091148048,-25.426806771866815,-25.452001008719822,-25.50029096638753,-25.483969272709444,-25.49688864022868,-25.211599404363817,-25.229551981141537,-25.23445932041717,-25.403373429018586,-25.386184479089213,-25.41187482166738,-25.265814913779174,-25.186223019549278,-25.267999600523822,-25.06752484624359,-24.953412983825284,-25.055623688352064,-24.444089758054577,-24.370284933792792,-24.452463336118367,-23.999077910710096,-23.89551776802681,-23.991953811243715,6,0
15,2,matb,matb_easy,0,-25.64574493575442,-25.848083873043347,-25.7570405749276,-25.783881993972486,-25.81977108345412,-25.784964994681566,-26.076565634709926,-26.117128862279063,-26.083292100756523,-26.267780252925654,-26.303399616389783,-26.275040458121595,-25.407269112951198,-25.466300596256506,-25.414977607610062,-25.293303937992363,-25.36549781227352,-25.300890518171844,-25.65949630293525,-25.726624781484443,-25.70579517259131,-25.728067814305685,-25.733754120501185,-25.733527967398448,-25.651221591073433,-25.63217246095176,-25.65090421375847,-25.642725200542195,-25.597883062661854,-25.6396277808189,-25.045912236781675,-25.036183015001953,-25.050387964258956,-24.753664880134213,-24.727100841336327,-24.752548804791964,2,0
15,2,matb,matb_medium,1,-25.31018980268103,-25.596172264265007,-25.503518157102683,-25.592515907728817,-25.62593435167596,-25.606782732374285,-25.87143234806928,-25.953597624643535,-25.901548669098077,-26.0533355750495,-26.121062007538246,-26.079921854959288,-25.148429212299707,-25.18982042534902,-25.161330325499375,-24.970412668463684,-25.02951875788564,-24.98302324038577,-25.545262345040655,-25.614387265732088,-25.64004635894314,-25.702480868333762,-25.671829662523166,-25.71593354977338,-25.563770796385942,-25.492724878701868,-25.55701151405851,-25.704788596951122,-25.605564709064446,-25.696048615315632,-25.101920839957906,-24.999085803210047,-25.09254096308997,-24.858617448527603,-24.70779592026358,-24.839349964860517,4,0
15,2,matb,matb_difficult,2,-25.230534896446205,,-25.230534896446205,-25.432017312676738,,-25.432017312676738,-25.738706019679796,,-25.738706019679796,-25.940346763813164,,-25.940346763813164,-25.025760017987913,,-25.025760017987913,-24.80608628021371,,-24.80608628021371,-25.64323423062603,,-25.64323423062603,-25.768454197136627,,-25.768454197136627,-25.747642420511625,,-25.747642420511625,-25.871039778863505,,-25.871039778863505,-25.241370199339947,,-25.241370199339947,-25.023024549127133,,-25.023024549127133,8,0
15,3,nback,zero_back,0,-25.078489699627,,-25.48334014954904,-25.581985697545043,,-25.728434822934375,-25.716134493163576,,-25.873941813789124,-25.93542221155989,,-26.00630370678896,-25.309355532372322,,-25.422316712307744,-25.27617626377687,,-25.35400467733308,-24.815063455222724,,-24.956373688252715,-25.13986900785642,,-25.196239180895418,-25.003638966235634,,-25.080531933144723,-24.888646172774443,,-24.894702161653598,-24.183016175656025,,-24.185267332911817,-23.770212271466512,,-23.75451874500899,1,0
15,3,nback,one_back,1,-25.213756786601927,,,-25.726450028248518,,,-25.896395814249985,,,-26.099054141293653,,,-25.457639681271363,,,-25.368116933619422,,,-24.912596455175457,,,-25.223344148724873,,,-25.038313179544048,,,-24.82035172288022,,,-24.15442999723231,,,-23.709651360497038,,,4,0
15,3,nback,two_back,2,-25.285892152045314,,,-25.684932758049083,,,-25.932977606599156,,,-26.188448793680237,,,-25.503377220929305,,,-25.52598819458112,,,-25.130301802872193,,,-25.45948301698343,,,-25.282759116126122,,,-25.242470164460183,,,-24.51084446859636,,,-24.123081083024513,,,5,0
15,3,matb,matb_easy,0,-25.25439963885577,,-25.431797317209934,-25.700847477241936,,-25.734132217296192,-25.903962599596568,,-25.948068343346876,-26.194662966514013,,-26.224235783363458,-25.37446232839267,,-25.386202697699236,-25.2604728428865,,-25.273592612945055,-25.328632295223905,,-25.38772241786403,-25.565268157060178,,-25.60402957871612,-25.463638249332114,,-25.506023962954526,-25.56372658252984,,-25.59099634536748,-24.955264048124405,,-24.96052202453071,-24.701045318450692,,-24.698726865477777,8,0
15,3,matb,matb_medium,1,-25.284273723986438,-25.288047536793954,-25.285461445068442,-25.47275508440681,-25.474786493571465,-25.475703011996256,-25.795016603675986,-25.796111213688704,-25.795637166875338,-26.09459623522115,-26.085409590176564,-26.090331285478854,-25.156315653277066,-25.177057279328192,-25.176968739375862,-25.01486484063433,-25.012873514019162,-25.01288810577826,-25.468435115202308,-25.466067080597316,-25.462373674580263,-25.65726570441125,-25.65410335151345,-25.65410253957337,-25.543578041340865,-25.53495391681803,-25.53822144418509,-25.829910910780765,-25.82385306689694,-25.82715838558678,-25.18911419905165,-25.18815332831417,-25.19670867335678,-24.99643471057591,-24.984435239678454,-24.99695416171079,3,0
15,3,matb,matb_difficult,2,-25.096145800900707,,-25.143684463546084,-25.38490633242726,,-25.40198014179697,-25.665130825532646,,-25.698338805201644,-26.013526260976786,,-26.006675857241092,-25.03710738960559,,-25.035359315471393,-24.84273483165747,,-24.84439572186613,-25.512543394707983,,-25.537217893265336,-25.779204071808643,,-25.793323509215323,-25.746508660697927,,-25.746325766081053,-25.991838014012576,,-25.997261979097082,-25.32369930661319,,-25.331039000882605,-25.1061590407752,,-25.114419407674365,6,0
16,1,nback,zero_back,0,-26.080235909766166,-26.08000059506909,-26.080235909766166,-25.88981378463397,-25.884450694518616,-25.88981378463397,-26.255343023880208,-26.249614072184375,-26.255343023880208,-26.734216774676906,-26.72675172739114,-26.734216774676906,-26.022233830819978,-26.019054858124644,-26.022233830819978,-26.199538469766832,-26.198386856893062,-26.199538469766832,-26.319736180126064,-26.315198379401835,-26.319736180126064,-26.173937839226863,-26.16286619727541,-26.173937839226863,-26.232279346013733,-26.22877211219622,-26.232279346013733,-26.568915692345843,-26.561889437384163,-26.568915692345843,-25.820817582576513,-25.815342686824426,-25.820817582576513,-26.001099489370358,-25.993773652063812,-26.001099489370358,4,0
16,1,nback,one_back,1,-26.07028739270418,-26.063416881688866,-26.07028739270418,-25.935951296946254,-25.932833216956364,-25.935951296946254,-26.260892646426914,-26.275731075033697,-26.260892646426914,-26.698978617269653,-26.695972404439203,-26.698978617269653,-26.043188043717162,-26.04393158293026,-26.043188043717162,-26.161947457791204,-26.156375050987695,-26.161947457791204,-26.437706354505426,-26.433518251854213,-26.437706354505426,-26.329250964856843,-26.315374335198317,-26.329250964856843,-26.434336925290854,-26.456769742294743,-26.434336925290854,-26.755989582208198,-26.75886732409013,-26.755989582208198,-25.99795042704719,-25.993950280111367,-25.99795042704719,-26.093759098457543,-26.08328872664561,-26.093759098457543,1,0
16,1,nback,two_back,2,-25.842807684546823,-25.836059209907084,-25.842807684546823,-25.616802616412237,-25.60418503229489,-25.616802616412237,-26.147211251174745,-26.17009850002328,-26.147211251174745,-26.643714557189043,-26.663407556507135,-26.643714557189043,-25.957483496606336,-25.954547032407447,-25.957483496606336,-26.131775905456777,-26.12491201847715,-26.131775905456777,-26.433276598306918,-26.45326794760623,-26.433276598306918,-26.28245182317455,-26.300159865837188,-26.28245182317455,-26.455302907655344,-26.50825388352714,-26.455302907655344,-26.772420419007553,-26.816575449982064,-26.772420419007553,-26.0935265472631,-26.110540788217854,-26.0935265472631,-26.222319380862597,-26.23033790576591,-26.222319380862597,3,0
16,1,matb,matb_easy,0,-26.019451831799337,-26.0291386908405,-26.019451831799337,-25.90531293948297,-25.90771105653475,-25.90531293948297,-26.15811161736622,-26.15948994788722,-26.15811161736622,-26.629284210535015,-26.621638586465146,-26.629284210535015,-25.858780785589037,-25.870956054592128,-25.858780785589037,-25.958695064499278,-26.010202221124693,-25.958695064499278,-26.483657622134693,-26.4875529788074,-26.483657622134693,-26.398108182793884,-26.39341532509516,-26.398108182793884,-26.44095797599315,-26.439283544616938,-26.44095797599315,-26.885671797744056,-26.88433017159717,-26.885671797744056,-26.117042443158187,-26.12277395138281,-26.117042443158187,-26.237552620538885,-26.266532843221462,-26.237552620538885,2,0
16,1,matb,matb_medium,1,-25.710722321194,-25.70237885682126,-25.710722321194,-25.54841042673585,-25.529939691509867,-25.54841042673585,-25.94860708115969,-25.950172565840735,-25.94860708115969,-26.506890661563883,-26.509206627853235,-26.506890661563883,-25.615178970741106,-25.612103788492814,-25.615178970741106,-25.740467908988958,-25.74049382965601,-25.740467908988958,-26.35360943862734,-26.359622876467558,-26.35360943862734,-26.23346453762831,-26.236424479196266,-26.23346453762831,-26.322687890953294,-26.34159064960665,-26.322687890953294,-26.789060004190574,-26.807781628888062,-26.789060004190574,-26.015151179445446,-26.020498379715203,-26.015151179445446,-26.15905692590303,-26.159779876980963,-26.15905692590303,5,0
16,1,matb,matb_difficult,2,-25.735767482740155,-25.735767482740155,-25.735767482740155,-25.595152679124283,-25.595152679124283,-25.595152679124283,-26.041076273040304,-26.041076273040304,-26.041076273040304,-26.551613900719744,-26.551613900719744,-26.551613900719744,-25.587554237915516,-25.587554237915516,-25.587554237915516,-25.73781122280745,-25.73781122280745,-25.73781122280745,-26.433675963786943,-26.433675963786943,-26.433675963786943,-26.310519175151377,-26.310519175151377,-26.310519175151377,-26.493240012059953,-26.493240012059953,-26.493240012059953,-26.94909256769348,-26.94909256769348,-26.94909256769348,-26.02767568844721,-26.02767568844721,-26.02767568844721,-26.2497553038502,-26.2497553038502,-26.2497553038502,8,0
16,2,nback,zero_back,0,-25.5735098877442,,-25.57880483897589,-25.576005400219234,,-25.553499045115576,-25.944829077553536,,-25.937579633761157,-26.424537884159697,,-26.414638561631712,-25.616565077106728,,-25.608374472491143,-25.890377794616157,,-25.884774810192148,-25.90148043633302,,-25.888744431877015,-25.901540184937705,,-25.874794191281804,-26.062263186993864,,-26.025500797856864,-26.17857067485874,,-26.13148556108607,-25.446918131708433,,-25.420066870960994,-25.53002226849484,,-25.493365597331664,1,1
16,2,nback,one_back,1,-25.617457493930942,-25.46684955099698,-25.640134643468773,-25.615900369128397,-25.386641331389395,-25.59134044378166,-25.986136462576017,-25.921109265699624,-25.98233832357027,-26.432580565709493,-26.406311423437497,-26.428347076459733,-25.67831268341601,-25.595956689643764,-25.66478445925674,-25.931136953310318,-25.864772540082413,-25.915985632188324,-25.94608108429065,-25.950570254787614,-25.95091589738877,-25.962740947715254,-25.931823822141993,-25.938865135981388,-26.01627041742145,-26.010387550960832,-26.001498337400797,-26.03954998901198,-26.02900717155145,-26.00853724383064,-25.503121333307092,-25.518121593040316,-25.47524813227071,-25.600814512707707,-25.606062906053065,-25.5505888613345,7,1
16,2,nback,two_back,2,-24.940543083417968,,-24.893201713782815,-24.976277675635792,,-24.88142980972367,-25.791326075557873,,-25.77420817679926,-26.325507948260164,,-26.31206413460172,-25.394140669083722,,-25.35288202022198,-25.71477146467459,,-25.67792571321857,-25.933733821819942,,-25.946173471635763,-25.937578707693415,,-25.919006635288753,-26.014202815831766,,-26.009237024342113,-26.078110811813087,,-26.035419665650554,-25.57387112281155,,-25.569004137653668,-25.811600495883635,,-25.783046589945144,6,1
16,2,matb,matb_easy,0,-25.403014106185317,,-25.436120234261143,-25.525169508974038,,-25.538608452720254,-25.925790887351624,,-25.928205277018108,-26.409277473530665,,-26.411864642847295,-25.532042246036873,,-25.545235694307728,-25.760805204390874,,-25.77496323490231,-26.044830744579322,,-26.05618113349687,-26.124402499690788,,-26.117337566269885,-26.28547232624898,,-26.274178190671623,-26.65632596177481,,-26.651544575411883,-25.74599964159247,,-25.749018449861275,-26.016923767532223,,-26.0150912596311,2,1
16,2,matb,matb_medium,1,-24.95893930552465,,-24.97963996359902,-25.073438873441418,,-25.03624307471578,-25.547449320205722,,-25.527587255950266,-26.148119941958985,,-26.137713555179513,-25.144365279989746,,-25.134719191588246,-25.3989289424166,,-25.39467221435823,-25.87408977089509,,-25.904910299094553,-25.943855577160285,,-25.930856463458536,-26.000910487612636,,-25.97943082994623,-26.43361676254422,,-26.41239401174986,-25.544161978651037,,-25.540606717035338,-25.859749842330107,,-25.85484943923743,5,1
16,2,matb,matb_difficult,2,-25.30966624203883,,-25.305753022182117,-25.45054767049011,,-25.4488839599786,-25.81364525001801,,-25.81682511632689,-26.267778538867788,,-26.270566103631886,-25.26796751357925,,-25.268794950775302,-25.497484448577822,,-25.495649198704257,-26.000737421316167,,-26.004260060561947,-26.120684998415612,,-26.124319748836793,-26.239728775485844,,-26.248949049098304,-26.557914271397525,,-26.560966441034335,-25.439269882316136,,-25.44440502990342,-25.941216331290512,,-25.942266089976595,8,1
16,3,nback,zero_back,0,-25.849445726888632,-25.875886864464242,-25.870449465124896,-25.785668947022838,-25.784819076302607,-25.78679346180857,-26.04687979032198,-26.0594843424662,-26.05832686034775,-26.501687216383186,-26.50366433165452,-26.508126301992114,-25.744721047668087,-25.753460679249162,-25.753100285920205,-26.08219870284871,-26.085840941658233,-26.090160789264676,-25.939791006683386,-25.94725154823512,-25.944658732020645,-25.941673232664744,-25.943639546405915,-25.943842049021235,-26.056977012078278,-26.057654032866072,-26.057698605776178,-26.123040462464274,-26.097487897782464,-26.1108568810176,-25.446652269256436,-25.46087282046718,-25.455764528999488,-25.672877249331368,-25.654993952923906,-25.665595360341424,7,0
16,3,nback,one_back,1,-25.712091361956773,-25.73415276485018,-25.716936085211703,-25.64688377276154,-25.65339323656686,-25.64959411681467,-26.002513892388876,-26.03670813226125,-26.016597902768545,-26.497624238987047,-26.51210300032869,-26.503913108362976,-25.712076582156506,-25.723067097912143,-25.7175433570664,-26.014876046132756,-26.01774379982871,-26.017855641783484,-25.962175593198523,-25.96199408370717,-25.96579432816806,-25.958880800132345,-25.950210074212553,-25.96465407066757,-26.080783269120328,-26.109970160827384,-26.091977668123782,-26.2268829779895,-26.211513185264923,-26.22379548825742,-25.471721248419254,-25.467051818435586,-25.480870003550233,-25.76065799892091,-25.725601717644267,-25.760978611240933,1,0
16,3,nback,two_back,2,-25.075731294493163,-25.061950968479135,-25.075731294493163,-24.95218153417583,-24.91099980108797,-24.95218153417583,-25.814761087237162,-25.8103457780504,-25.814761087237162,-26.45621607309273,-26.458364179269967,-26.45621607309273,-25.45271099022673,-25.455788992290127,-25.45271099022673,-25.783424293001584,-25.78362251653736,-25.783424293001584,-26.041457714037048,-26.04287476098423,-26.041457714037048,-26.029813380912294,-26.019679462384207,-26.029813380912294,-26.209443122662844,-26.21699913705687,-26.209443122662844,-26.36095424546262,-26.354504145422027,-26.36095424546262,-25.69677399315379,-25.708826222257944,-25.69677399315379,-26.005928031173887,-26.00092460569241,-26.005928031173887,2,0
16,3,matb,matb_easy,0,-25.727864198369197,-25.7154013083077,-25.727864198369197,-25.669483613852503,-25.638159990518307,-25.669483613852503,-25.990068144953206,-25.990545860598438,-25.990068144953206,-26.50341834830538,-26.50661723869037,-26.50341834830538,-25.6518069073761,-25.65977622267027,-25.6518069073761,-25.929520779347918,-25.926879543506363,-25.929520779347918,-26.226014338034116,-26.227964871179342,-26.226014338034116,-26.20541859172058,-26.192838768009118,-26.20541859172058,-26.318610127414946,-26.321225987610475,-26.318610127414946,-26.785374832094032,-26.785749393336634,-26.785374832094032,-25.77626197156124,-25.798829944887856,-25.77626197156124,-26.16423952158491,-26.160540167371234,-26.16423952158491,6,0
16,3,matb,matb_medium,1,-25.288916768738773,-25.297964991858805,-25.288916768738773,-25.202083059668137,-25.209134129031337,-25.202083059668137,-25.67458551499792,-25.683900198909384,-25.67458551499792,-26.26763355924761,-26.27534837787149,-26.26763355924761,-25.26003160153518,-25.265945844073617,-25.26003160153518,-25.500753804460864,-25.505614225251314,-25.500753804460864,-26.060203269751014,-26.068556514374354,-26.060203269751014,-26.075572621868854,-26.081712562163126,-26.075572621868854,-26.178548495476583,-26.192350996119742,-26.178548495476583,-26.639414393723758,-26.652116041765932,-26.639414393723758,-25.67970414575789,-25.684703907116962,-25.67970414575789,-26.000329455379568,-26.003084177725345,-26.000329455379568,4,0
16,3,matb,matb_difficult,2,-25.436277784164872,-25.441165589282456,-25.436277784164872,-25.391589610423697,-25.393340958450885,-25.391589610423697,-25.796163170764093,-25.798531258364484,-25.796163170764093,-26.28638153828293,-26.27994844575211,-26.28638153828293,-25.330785010128334,-25.339761735991225,-25.330785010128334,-25.57472437307776,-25.574332984229137,-25.57472437307776,-26.156909182515218,-26.16969797816206,-26.156909182515218,-26.159442156136027,-26.172366148743794,-26.159442156136027,-26.302820622646514,-26.313722103601215,-26.302820622646514,-26.646913333084292,-26.643267023487248,-26.646913333084292,-25.756429171723358,-25.77742266256888,-25.756429171723358,-26.07433867201312,-26.079409378867176,-26.07433867201312,3,0
17,1,nback,zero_back,0,-25.395800707729244,,-25.567293320954853,-25.849118358521153,,-25.89267934186972,-26.046836230322015,,-26.107149192293864,-26.52182672308771,,-26.584867723919718,-25.825341955798137,,-25.872511168280653,-26.16494882355949,,-26.215526885340424,-25.726335546699076,,-25.818129520064524,-26.03574927846304,,-26.047385926687056,-26.005250083075957,,-26.02364559632507,-26.335005680269138,,-26.35865713679308,-25.694946160558573,,-25.714966731519304,-25.988991561119335,,-25.997069896229444,6,0
17,1,nback,one_back,1,-25.37546552081457,,-25.442032305023954,-25.80470330848974,,-25.799674020480754,-26.03834653556749,,-26.045158150303436,-26.50552946290257,,-26.493560038054923,-25.76141299768474,,-25.763960070136445,-26.08047269170995,,-26.081168282721396,-25.68323175096631,,-25.68450382078476,-25.97684904128345,,-25.945029698267874,-26.029723324407648,,-26.014681519981213,-26.37521442155319,,-26.35280200687473,-25.57690748611932,,-25.552521403873367,-25.863425820188052,,-25.826610427701347,5,0
17,1,nback,two_back,2,-25.103487813256034,,-25.334553445021438,-25.70891191263725,,-25.65134084438523,-26.011847233615782,,-25.9915943003779,-26.554530174742204,,-26.558940536248087,-25.76188791198813,,-25.712798563917698,-26.09823525225495,,-26.066903395818418,-25.651573142916497,,-25.772539846171657,-26.13232150359,,-26.031243630544065,-26.122986194172597,,-26.087780763595845,-26.63129212058471,,-26.63156569761262,-25.885037134516132,,-25.83521240512738,-26.232568868905787,,-26.146899051510534,8,0
17,1,matb,matb_easy,0,-25.33624088652549,,-25.379054645121467,-25.817822369996026,,-25.83810846081804,-25.976054172605743,,-25.998779288334667,-26.554408848577143,,-26.584329684990898,-25.675942022912608,,-25.69831394442386,-26.088685343922354,,-26.111707725417823,-25.91684941229782,,-25.944345701555573,-26.22745489977464,,-26.23703649525964,-26.14165542748721,,-26.15331567772312,-26.625418590129577,,-26.646384571729964,-25.893940481503275,,-25.904462992611826,-26.31323383564866,,-26.328398579665194,4,0
17,1,matb,matb_medium,1,-24.741379573360792,-25.20768616585809,-24.756998187174833,-25.421224933310835,-25.534662829161515,-25.418518501252265,-25.618441305221616,-25.85315131224532,-25.623294900808133,-26.394354698196835,-26.61575857311043,-26.39822983815234,-25.324554039225458,-25.515139207243553,-25.326229117630202,-25.716409190569074,-25.86580574213056,-25.71850570313714,-25.659347296331166,-25.792443411899338,-25.66654098304526,-26.090136600566517,-26.21013213714087,-26.099264840792127,-26.04642414924844,-26.06057285351493,-26.05339248606283,-26.714116153110666,-26.803173277992183,-26.721794598933755,-25.753066397575985,-25.889794275847866,-25.76021002891777,-26.158864172121337,-26.226790333200032,-26.1697356173126,2,0
17,1,matb,matb_difficult,2,-24.780035399018455,,-25.127638323937717,-25.444721318010036,,-25.586722328543857,-25.6160862174277,,-25.858495836510794,-26.395219214287494,,-26.538113410847924,-25.30255020202647,,-25.394339529943263,-25.702007923864517,,-25.78023260640954,-25.71119239152199,,-25.83459056742048,-26.09077638081597,,-26.22186446753548,-26.106738646260855,,-26.213943264734286,-26.76950653365788,,-26.857981924278334,-25.70714928617065,,-25.845601353927794,-26.160420813981954,,-26.24424820082791,3,0
17,2,nback,zero_back,0,-25.634523712326033,-25.69970303565296,-25.668211393046096,-25.794520875711182,-25.798965312034774,-25.79496489069399,-25.99635867081519,-26.208987706545905,-26.11253199853002,-26.388357576382685,-26.661358597897095,-26.531945125053934,-25.845523775874224,-25.89053288557862,-25.872627440537148,-26.09008348326162,-26.121673379812513,-26.10311205637145,-25.863622699839613,-25.95975428376299,-25.908440347234897,-26.040164750653997,-26.085365403877763,-26.05243848760874,-26.008195583334796,-26.235840565471612,-26.120276284461816,-26.29932821976545,-26.615360644973418,-26.448447199887838,-25.723444175847288,-25.808972025037356,-25.759243987422376,-25.860147357428136,-25.941578692582492,-25.8878499341529,4,0
17,2,nback,one_back,1,-25.583584139261863,-25.639779797927154,-25.62138159216808,-25.775603642492563,-25.79945574485036,-25.789612286820358,-26.01780261549583,-26.165222829568144,-26.1140850729704,-26.49587499239863,-26.683031367829052,-26.614779533485496,-25.818369211898787,-25.85464379673068,-25.84512767160697,-26.08372881410552,-26.116879582464513,-26.10498536279914,-25.828795704449618,-25.8564420287515,-25.85824010849319,-26.02599476685799,-26.028217315258576,-26.035701936909664,-26.032229379802427,-26.15613413972247,-26.130057133131313,-26.45787038680595,-26.6294589659849,-26.58721458801686,-25.735724935446942,-25.75510047905897,-25.758883883590137,-25.957374432246862,-25.946677175695843,-25.95954750765377,5,0
17,2,nback,two_back,2,-25.466904732426627,-25.4860801825616,-25.474342808522778,-25.6399537452284,-25.621259007512858,-25.633815377088027,-25.91007818677075,-25.9958589477932,-25.942156483735417,-26.48949296425974,-26.620365952483414,-26.52850249063641,-25.721899690425506,-25.75130433253567,-25.736979029439937,-25.97305653447745,-26.00306000971569,-25.988400971953528,-25.872401111086997,-25.899127708711003,-25.87684908590917,-26.103690743917007,-26.120154011989158,-26.107979442267037,-25.983554451681023,-26.06826599088262,-26.003006544144636,-26.531678372290948,-26.645775042217373,-26.555094907141907,-25.812681326171003,-25.847040663752622,-25.825031339879484,-26.062126737301234,-26.09283732319467,-26.06770652097648,1,0
17,2,matb,matb_easy,0,-25.248859935338615,-25.36340383670495,-25.34226609768883,-25.666520436575706,-25.71471551855904,-25.71782625262399,-25.863807709621817,-25.990076312436962,-25.915069106917503,-26.367396190017566,-26.551331519121486,-26.41314040469202,-25.654030676736703,-25.688757461802098,-25.68400167969827,-25.72806135055619,-25.75632335469313,-25.757438196396084,-25.864503911933923,-25.953879997528816,-25.924321826641545,-26.149476920706558,-26.219502642302995,-26.195374011670612,-26.071926606746295,-26.228995646388896,-26.124624759706283,-26.507488019212246,-26.739896866104267,-26.5608815530274,-25.899122347323445,-25.951159405207335,-25.92322489937241,-26.065480053153603,-26.112753578330757,-26.08511566123075,6,0
17,2,matb,matb_medium,1,-24.848487285924193,-25.00173953816814,-24.855984106132066,-25.398009214608905,-25.452426456607807,-25.388095675069238,-25.56932263785277,-25.707686462638964,-25.61590557048305,-26.204622946899775,-26.35817102430173,-26.278325171319512,-25.315410736971298,-25.366585655652564,-25.31153378085879,-25.379319794917375,-25.425955867745476,-25.374919720185062,-25.666470883789714,-25.755682707018742,-25.69157051431188,-26.06197552543779,-26.107308120209677,-26.08484337340061,-25.918860977950562,-26.065530511663656,-25.984591812402712,-26.44519984388095,-26.640943172969106,-26.538963151845277,-25.741500512111003,-25.786927022493682,-25.759793366839116,-25.9148328670517,-25.950365945426153,-25.929679099022657,7,0
17,2,matb,matb_difficult,2,-24.797155095672046,-25.097596977145965,-24.797155095672046,-25.355917713946024,-25.516993891143052,-25.355917713946024,-25.470090541389037,-25.720375353818465,-25.470090541389037,-26.244935612853432,-26.41151301732475,-26.244935612853432,-25.346057256348423,-25.47717851822527,-25.346057256348423,-25.39870845624145,-25.525934047488192,-25.39870845624145,-25.68227603253132,-25.82453542587359,-25.68227603253132,-26.078460561935007,-26.173337708707006,-26.078460561935007,-25.964057152056686,-26.11969146444312,-25.964057152056686,-26.54841482023729,-26.7238811452883,-26.54841482023729,-25.753385994118577,-25.844859735312532,-25.753385994118577,-25.928318984352053,-26.008045316963127,-25.928318984352053,2,0
17,3,nback,zero_back,0,-25.57100419013543,-25.76481633707774,-25.74319673393774,-25.867429780224672,-25.93994139974528,-25.91586767594533,-26.130835599431844,-26.22666649931146,-26.18029988425181,-26.555364323067696,-26.597136350845883,-26.579170358053595,-25.811471037934155,-25.844492750995464,-25.829182612825633,-26.149884582190083,-26.16869961489283,-26.168244669390788,-25.92186265146503,-25.945940765700563,-25.961821100650155,-26.099042492060597,-26.078765178373484,-26.10225876184818,-26.244129688287973,-26.26721512260767,-26.26767401356547,-26.596843538787418,-26.605582419617743,-26.617058995024486,-25.629633339020163,-25.61415633050424,-25.63480721666905,-25.89944310161846,-25.86465170452846,-25.89799632351775,3,0
17,3,nback,one_back,1,-25.586121883785157,-25.628066552242377,-25.594148346439965,-25.794298335616165,-25.81887856568544,-25.797357696086742,-26.09132053743978,-26.141017463499338,-26.100838568694275,-26.63274682078506,-26.670929956736735,-26.64314268749616,-25.752755222168506,-25.77639443064068,-25.757491430256742,-26.11260099755898,-26.13658111827899,-26.12196182979008,-25.906310369216865,-25.92965756316361,-25.912507354901493,-26.06953994947294,-26.076431511312602,-26.071867393902775,-26.209792943161762,-26.254144024984363,-26.220660163998886,-26.69538292217386,-26.724980097590013,-26.708014593165096,-25.636947667348288,-25.638258578164887,-25.637276412146463,-25.94911381534667,-25.944239300752162,-25.952211478435046,5,0
17,3,nback,two_back,2,-25.42652210277358,-25.434935963806566,-25.42652210277358,-25.660269849139134,-25.65530558397664,-25.660269849139134,-25.964788998552088,-25.994113996364952,-25.964788998552088,-26.541148374741905,-26.571973995617654,-26.541148374741905,-25.69542792689737,-25.704231051408353,-25.69542792689737,-26.054840505353923,-26.06425877647169,-26.054840505353923,-25.85847340238768,-25.87849729890156,-25.85847340238768,-26.044650560866305,-26.056652283504558,-26.044650560866305,-26.129086883038955,-26.161274112664522,-26.129086883038955,-26.718993047160968,-26.76980239868954,-26.718993047160968,-25.76660108764396,-25.79526625546378,-25.76660108764396,-26.123477444710772,-26.14713022634434,-26.123477444710772,4,0
17,3,matb,matb_easy,0,-25.279278319155395,-25.610296914208067,-25.37253292019623,-25.717549364758025,-25.86554970331132,-25.735534423581374,-25.920706251108864,-26.121098411303432,-25.951925099594604,-26.49581527622555,-26.63097121456389,-26.519822435319973,-25.600960644824223,-25.716586275020376,-25.61530850251301,-25.924019019631405,-26.046580521094512,-25.941213802990802,-25.92779524795645,-26.050360090912516,-25.956084316085295,-26.162938708199807,-26.221243671229427,-26.17696048659262,-26.248664365447024,-26.331468636765262,-26.26059910426531,-26.736214635841485,-26.806247721023375,-26.749988667277115,-25.797615545361523,-25.853303790131296,-25.801871309194844,-26.216585127987596,-26.27456351000611,-26.216417509590123,2,0
17,3,matb,matb_medium,1,-24.884117422352777,-25.22559005730143,-25.058126940765547,-25.46114157441319,-25.609120654842073,-25.516884354515877,-25.58347747138216,-25.88927113640273,-25.678026523615184,-26.232348107268294,-26.45726062061638,-26.297969942241078,-25.33947977562144,-25.405153919040195,-25.359911149665763,-25.67478514516971,-25.714728960798617,-25.689932632609295,-25.713130343192216,-25.80248857037906,-25.79095310730119,-26.045475361582845,-26.068510603531017,-26.084336225554896,-26.03844592065987,-26.159884736183812,-26.086478813748222,-26.571293532382683,-26.765366523877702,-26.611270721204598,-25.666688314121544,-25.665579518668945,-25.682146261181813,-26.0645894808927,-26.07437393633063,-26.08131104532261,6,0
17,3,matb,matb_difficult,2,-24.719549723783402,-24.9655914102652,-24.719549723783402,-25.214596023963143,-25.35559135793066,-25.214596023963143,-25.505258395557025,-25.687223840548942,-25.505258395557025,-26.26347304882246,-26.368335867221678,-26.26347304882246,-25.140435583135048,-25.239002500386103,-25.140435583135048,-25.473291232605412,-25.56151934048016,-25.473291232605412,-25.645314593760986,-25.786094345311458,-25.645314593760986,-25.960404807503174,-26.074051523584167,-25.960404807503174,-26.105784746546398,-26.20412379588119,-26.105784746546398,-26.695838268324696,-26.74839866418667,-26.695838268324696,-25.573849341651268,-25.673554569403386,-25.573849341651268,-25.984844039351213,-26.06470496048811,-25.984844039351213,8,0
18,1,nback,zero_back,0,-25.56178612223972,,-25.56178612223972,-25.54077724081202,,-25.54077724081202,-25.940270263910882,,-25.940270263910882,-26.25211972474161,,-26.25211972474161,-25.818600935350844,,-25.818600935350844,-25.993164869134066,,-25.993164869134066,-25.434285671468235,,-25.434285671468235,-25.577971463292855,,-25.577971463292855,-25.80053468740697,,-25.80053468740697,-25.559011480524727,,-25.559011480524727,-25.1256756302825,,-25.1256756302825,-25.396554800907865,,-25.396554800907865,1,0
18,1,nback,one_back,1,-25.50300810857788,-25.51293893139245,-25.50300810857788,-25.480328302898325,-25.488966498973053,-25.480328302898325,-25.914759412978743,-25.915783497915786,-25.914759412978743,-26.144101863856587,-26.128216281667463,-26.144101863856587,-25.68304699437422,-25.691752877862772,-25.68304699437422,-25.85670815231089,-25.863293423943485,-25.85670815231089,-25.117079353383076,-25.137833207317836,-25.117079353383076,-25.29877073035696,-25.319804856185772,-25.29877073035696,-25.547248301233285,-25.569852923859,-25.547248301233285,-25.173938075009445,-25.192505247593346,-25.173938075009445,-24.765257815306313,-24.786662068016387,-24.765257815306313,-24.988766484981845,-25.011846908169918,-24.988766484981845,7,0
18,1,nback,two_back,2,-25.519301401155364,-25.658217696816013,-25.538040740456474,-25.54569902079635,-25.730287610227276,-25.541361947464406,-26.017166492948363,-26.147901950570468,-26.023374214793222,-26.418194992311275,-26.52796736246299,-26.42126918221218,-25.92821645531241,-26.088714420428715,-25.925282715302536,-26.114486878743307,-26.27043946717716,-26.107837938217546,-25.596077486403967,-25.823856784594295,-25.61324691935,-25.77485004664083,-26.04749321766535,-25.78897840738198,-26.000223036454663,-26.197927984663863,-26.012512421679467,-25.849084063925513,-25.96508752501174,-25.852295391707287,-25.297367704575457,-25.620435252799894,-25.311709875564368,-25.620849069874314,-25.932110170275454,-25.634923623275647,2,0
18,1,matb,matb_easy,0,-25.605606043158435,-25.608718697186205,-25.605606043158435,-25.568012014021896,-25.560642523222683,-25.568012014021896,-25.925053248311958,-25.92574643786537,-25.925053248311958,-26.37903769345702,-26.383720461743625,-26.37903769345702,-25.92210438492875,-25.925795788587074,-25.92210438492875,-26.04771434449615,-26.051389499644504,-26.04771434449615,-26.205328082041287,-26.20422495460172,-26.205328082041287,-26.398240045240872,-26.39250276688902,-26.398240045240872,-26.24681250974845,-26.248909368273686,-26.24681250974845,-26.62051800588991,-26.60822533289545,-26.62051800588991,-26.07626367054918,-26.073654535076884,-26.07626367054918,-26.197727584243694,-26.190346485928977,-26.197727584243694,4,0
18,1,matb,matb_medium,1,-25.477275370628504,-25.489760691681592,-25.477275370628504,-25.505183825367034,-25.502609199952605,-25.505183825367034,-25.884955295724236,-25.889203460999084,-25.884955295724236,-26.302033835225163,-26.304720040137628,-26.302033835225163,-25.776858973009656,-25.779668309179954,-25.776858973009656,-25.92569403594996,-25.92919342015861,-25.92569403594996,-26.209163710706036,-26.21260251849234,-26.209163710706036,-26.41222370393837,-26.415183714196314,-26.41222370393837,-26.35433266863359,-26.356918245933553,-26.35433266863359,-26.670028372413974,-26.668274217861267,-26.670028372413974,-26.046431593438204,-26.044361905032957,-26.046431593438204,-26.249834105137044,-26.242132775664412,-26.249834105137044,8,0
18,1,matb,matb_difficult,2,-25.40287466436664,-25.475545031964128,-25.419244948205485,-25.49884237014219,-25.52306584181365,-25.491993176058685,-25.802145333010454,-25.812347894845768,-25.798280593995692,-26.292952415606603,-26.295040259628134,-26.292453158121496,-25.714905710137916,-25.74027261713288,-25.701570970795927,-25.92305529143095,-25.939676205637266,-25.917186709090995,-25.974178955790382,-26.0332754232763,-25.980414474215433,-26.229900056304388,-26.257777891263284,-26.23485698192525,-26.192858110308386,-26.24399297768351,-26.197074375219163,-26.679455389146383,-26.68167189587705,-26.67894949959668,-25.828387100133074,-25.905648550322447,-25.818177424467464,-26.18799229765408,-26.236378187343263,-26.179882252412646,3,0
18,2,nback,zero_back,0,-25.228603006814826,,,-25.62838094787155,,,-26.14311042295254,,,-26.36280367972975,,,-25.927026185469114,,,-26.02893943701829,,,-25.29750953006668,,,-25.559548222421082,,,-25.82065512479861,,,-25.654908290262888,,,-25.16147370775566,,,-25.33408854144469,,,2,0
18,2,nback,one_back,1,-25.304507429039347,,,-25.699949787264142,,,-26.19102313140804,,,-26.49344673052301,,,-26.011996459485772,,,-26.115622656410437,,,-25.497923895759033,,,-25.774492834938165,,,-25.98158615642381,,,-25.841242742270545,,,-25.397046458827294,,,-25.5543876364565,,,3,0
18,2,nback,two_back,2,-25.352301031105373,,,-25.560626159052077,,,-26.143063809568304,,,-26.52765989856281,,,-25.94639263575241,,,-26.057984571978626,,,-25.668936255422487,,,-25.88894878958728,,,-26.161451534776063,,,-26.162512603107096,,,-25.39883890828278,,,-25.61720944470103,,,7,0
18,2,matb,matb_easy,0,-25.378794989175447,,-25.476890871612174,-25.708078376434262,,-25.88664246157289,-26.13024728155964,,-26.264748483917558,-26.52079456278848,,-26.66821083212591,-26.104255097344954,,-26.277887764362475,-26.268163889415376,,-26.423718517320548,-26.16753475709446,,-26.102541286272867,-26.586874855825975,,-26.502797287162867,-26.548449787346804,,-26.537493690043874,-26.778811183251868,,-26.70039173616813,-26.333338490062985,,-26.287802933924578,-26.529164894471588,,-26.437533118820138,1,0
18,2,matb,matb_medium,1,-25.410053743203495,,-25.403752178485213,-25.413220056981036,,-25.404233232934203,-25.987087056833555,,-25.98622075238054,-26.507893390580193,,-26.507143765300487,-25.803644134383518,,-25.799443887526202,-25.951691195458146,,-25.94321924027134,-26.39099423752311,,-26.385880670907664,-26.51974758455326,,-26.51332067334959,-26.58313220598077,,-26.579197958508363,-26.96355859600478,,-26.951527917526207,-26.224787863934715,,-26.21347125962016,-26.46459365218397,,-26.450819807429227,5,0
18,2,matb,matb_difficult,2,-25.46650564572759,,-25.481314045324112,-25.545782568555428,,-25.542958357722416,-25.997510040130212,,-25.995305862702548,-26.452398410689497,,-26.462403305480954,-25.78029153496569,,-25.792128145636337,-25.94190977903388,,-25.950930786058436,-26.2489868875715,,-26.282250032027772,-26.44447355759858,,-26.45746476924674,-26.44385711434075,,-26.44628882477987,-26.977085440855078,,-26.979935166981544,-26.031670458831663,,-26.037959394080453,-26.312236089376995,,-26.32435748296916,4,0
18,3,nback,zero_back,0,-25.93077135624635,-25.943074129369165,-25.93077135624635,-25.76259219407648,-25.766165964183802,-25.76259219407648,-26.210350117131533,-26.218917807064948,-26.210350117131533,-26.235908621671694,-26.23250182248831,-26.235908621671694,-25.80379314121563,-25.807754165222402,-25.80379314121563,-26.061198434543268,-26.058918772196414,-26.061198434543268,-25.54389043164296,-25.51923245162019,-25.54389043164296,-25.531243350116515,-25.49794403313201,-25.531243350116515,-25.790621227674364,-25.76919542812661,-25.790621227674364,-25.349002815967474,-25.295997396030682,-25.349002815967474,-24.891283793873328,-24.85982088972978,-24.891283793873328,-25.178635338272954,-25.135089193129176,-25.178635338272954,5,0
18,3,nback,one_back,1,-25.676331256656983,,-25.666364240682604,-25.58182226439651,,-25.56989574482348,-26.11276920913038,,-26.11121999143602,-26.228343559841182,,-26.226594592498923,-25.778949839371187,,-25.772395485849728,-26.03319134552608,,-26.024709642585993,-25.491248364892304,,-25.491793453468606,-25.491283944428996,,-25.493009735233766,-25.733078349998394,,-25.735979472004477,-25.385695732818405,,-25.383645014409147,-24.87392380863643,,-24.880319626088834,-25.18345285161661,,-25.185530510042305,8,0
18,3,nback,two_back,2,-25.604730157557476,,-25.60414861375806,-25.585999729190913,,-25.580177913804956,-26.148717128654464,,-26.167551599338317,-26.347388630158086,,-26.34389298972031,-25.83355999294517,,-25.82962936708892,-26.133239621941545,,-26.12707485780166,-25.830003637232647,,-25.823402611184875,-25.835135027176744,,-25.82523049645731,-26.027745978324116,,-26.029128883341066,-25.708997541690113,,-25.70041279594203,-25.109160337718997,,-25.104245422034623,-25.590043938432075,,-25.583590781744384,2,0
18,3,matb,matb_easy,0,-25.86726036738229,-25.956629747653228,-25.905095560350105,-25.82539039052222,-25.860862118131802,-25.84287788164574,-26.256342158070893,-26.273257656229497,-26.26399605774107,-26.40953465129655,-26.427150519951933,-26.417360790710596,-26.001573565698358,-26.038814845613395,-26.013597003075645,-26.24839262176222,-26.29386762026795,-26.262609186599967,-26.401871111974845,-26.404117474067075,-26.411822220717706,-26.470294476053272,-26.455352671768246,-26.47168710010571,-26.651703390537644,-26.64241984338616,-26.65079952714661,-26.483445123882497,-26.448851682282115,-26.478296349026497,-26.03908512860615,-26.025250993328427,-26.039002590609318,-26.32997902619611,-26.298211318638284,-26.330392861086793,1,0
18,3,matb,matb_medium,1,-25.626220624363953,-25.652892100085865,-25.620433697595466,-25.511527158176815,-25.528031122762208,-25.505550612393442,-26.077434032440024,-26.1312880340928,-26.071669005501754,-26.392674555787003,-26.415665494914926,-26.390087393199455,-25.698841632959834,-25.732813948626113,-25.699317700757476,-26.02485645131314,-26.06251323067567,-26.024682909345273,-26.474351125929278,-26.53594200630522,-26.46955466030957,-26.527132143735976,-26.592412803784356,-26.52605640187124,-26.66456681619592,-26.67665511881811,-26.66423047133378,-26.7989781686039,-26.811250306413474,-26.794532283167023,-25.89580013875449,-25.903164670218775,-25.897765768358415,-26.47415236265565,-26.491343449800013,-26.471353023521374,3,0
18,3,matb,matb_difficult,2,-25.618512327755177,-25.759013788683163,-25.619398323443267,-25.57978395763406,-25.610267489374753,-25.580712305152147,-25.979750964454738,-26.136659306591184,-26.080274817147295,-26.419298840654733,-26.505311114039113,-26.41914585824211,-25.6029708568752,-25.726160169582585,-25.604541081428003,-25.975813111309623,-26.133380308706226,-25.97872833336716,-26.366408166841243,-26.432111690764827,-26.359210212696716,-26.409465938652914,-26.45404898178215,-26.403435299318232,-26.43313318528733,-26.596729963003266,-26.514707647920048,-26.798036528896727,-26.76523745648389,-26.795971236501718,-25.60608291719076,-25.79141068696641,-25.60284706397623,-26.34499831549097,-26.355873008719822,-26.341305756317198,4,0
19,1,nback,zero_back,0,-25.539736841938613,,-25.557561303888296,-25.816500006051303,,-25.827562179618347,-25.864124381218538,,-25.87531379860053,-26.407664969384363,,-26.41352488882876,-25.827295748958015,,-25.8345262687629,-25.88188767504687,,-25.888371839133757,-25.76948451040314,,-25.783884728462535,-26.036968554318815,,-26.048785796285507,-25.57492583820962,,-25.58556826649101,-26.184801610480378,,-26.189754391809075,-25.76964131244093,,-25.77550229479632,-25.89757798657232,,-25.902490758342125,1,0
19,1,nback,one_back,1,-25.469690148597884,-25.493884557021744,-25.48103509776345,-25.784861450668494,-25.784275883954972,-25.78869157201086,-26.14536605485239,-26.169902325200304,-26.16197346256099,-26.38125615400819,-26.387546650129682,-26.385553590455693,-25.75266149420053,-25.759367319324088,-25.756566851787976,-25.74321020757018,-25.75073598848213,-25.748747888326488,-25.74929615256349,-25.746385023455908,-25.754956534032335,-26.004198010373454,-25.99516706129712,-26.00959301539851,-25.782281935582716,-25.78476603698686,-25.793419165776665,-26.041675765086346,-26.01931537717649,-26.04285410977823,-25.75283581212713,-25.73685350309729,-25.752969179880935,-25.82567819600532,-25.809175966797795,-25.82641606087166,5,0
19,1,nback,two_back,2,-25.5166845469737,-25.54549441435451,-25.561756459060252,-25.81967386685277,-25.81003689152187,-25.877500171776315,-25.892023889946852,-26.093019405960643,-25.96589081702771,-26.517421184827132,-26.597163864507877,-26.554184178940506,-25.86960823104263,-25.85753945253666,-25.895138472412718,-25.968186372867134,-25.899763830335665,-25.9730805812545,-25.69414256913272,-25.729414780052746,-25.725040014783136,-26.062629459806452,-26.079232180621116,-26.11022279601162,-25.462276981936096,-25.60843370130527,-25.516392503112844,-26.26171248600841,-26.218462909362533,-26.272979096631754,-25.76909136795866,-25.79521278283225,-25.791803318912837,-25.95772246481792,-25.916579473599175,-25.954167933022802,3,0
19,1,matb,matb_easy,0,-25.785743091818073,-25.793772227859034,-25.785743091818073,-25.909744660749876,-25.91445928845945,-25.909744660749876,-26.080156911615337,-26.08427927751191,-26.080156911615337,-26.564110491134254,-26.568178568915002,-26.564110491134254,-25.862282460654402,-25.875071586783836,-25.862282460654402,-25.879393856081087,-25.886504442620804,-25.879393856081087,-25.977490796088198,-25.9776062818799,-25.977490796088198,-26.286524649756995,-26.28603985585236,-26.286524649756995,-25.86581025307785,-25.87364048126954,-25.86581025307785,-26.610246473902272,-26.610474606149786,-26.610246473902272,-25.966714618886055,-25.97534705683763,-25.966714618886055,-26.03976094602895,-26.042290700898434,-26.03976094602895,4,0
19,1,matb,matb_medium,1,-25.506643551052814,-25.519926456354145,-25.518598146435846,-25.726459351850483,-25.737510959399742,-25.73405208277868,-26.037033511553574,-26.062862495567543,-26.054095089068827,-26.48284487799794,-26.484461844124784,-26.488905525748244,-25.678539522608784,-25.685218398303284,-25.6835937407442,-25.650411584171934,-25.65791685210709,-25.65586464802009,-25.846293827684658,-25.864473800952524,-25.854477867198028,-26.237113754978846,-26.254914668833685,-26.245541404892453,-25.93415212184194,-25.9546591857569,-25.944446050713204,-26.507793832829467,-26.515264512258714,-26.51228779660976,-25.885382569334958,-25.893909414855564,-25.887713408917016,-25.930688304152635,-25.939031678440283,-25.932614439950537,7,0
19,1,matb,matb_difficult,2,-25.58026445609813,-25.581422555308393,-25.58764901989558,-25.834330076325656,-25.82506246604093,-25.832274415939523,-25.968999712485147,-26.00308157746743,-25.97580401190812,-26.49049025287274,-26.48824074184183,-26.495787799171318,-25.74446002450349,-25.740743366911044,-25.74932963874745,-25.723358985212297,-25.724002648615965,-25.730273946110316,-25.945902097132553,-25.947297881507165,-25.94738332802565,-26.301586078257177,-26.30561759914048,-26.29922293167142,-25.75519415856278,-25.83147447719239,-25.758351311803963,-26.547560814304155,-26.550042787710577,-26.544523612079974,-25.95065033966171,-25.963865101674724,-25.95144539464472,-26.01713531654102,-26.022957637850226,-26.016962883891072,8,0
19,2,nback,zero_back,0,-25.50924427514954,-25.653928796959605,-25.56993071585924,-25.67344543095707,-25.736272448662167,-25.697933782723133,-25.76336446926497,-25.893606218256185,-25.788393464831582,-26.47072975917437,-26.48687703824058,-26.471067442987007,-25.638063283220827,-25.665157855258116,-25.650091396051508,-25.90045397725741,-25.874973693984344,-25.88874769890899,-25.69171822012795,-25.736428030197064,-25.720324433174167,-25.84250554232759,-25.858791599583082,-25.85837844529947,-25.580767273372704,-25.59873073061301,-25.577668416675394,-26.241905161231937,-26.20104863206732,-26.229027588878033,-25.592095020018295,-25.60013427405284,-25.59516923397913,-25.986709968853503,-25.964402967486308,-25.977129814296653,4,0
19,2,nback,one_back,1,-25.567457917512748,,-25.57926162367351,-25.733175303880508,,-25.736079671401285,-25.967426779251458,,-25.9874951417458,-26.553548166596148,,-26.55434605817526,-25.760422640249935,,-25.756485159889287,-25.956932314602803,,-25.950604915721733,-25.79585145572431,,-25.802837634390347,-25.986912727068784,,-25.98902943663087,-25.736916284684696,,-25.74359869063257,-26.32354219197604,,-26.321477696648124,-25.740116996178422,,-25.734042288282712,-26.1147642936436,,-26.105722392202704,2,0
19,2,nback,two_back,2,-25.651559210000404,-25.70668959280673,-25.659451197376857,-25.792712571841587,-25.82832769821438,-25.796037587104024,-26.047068252111632,-26.079919150915664,-26.05558563040405,-26.680647898098414,-26.698428305558906,-26.681466061873717,-25.75868736753956,-25.795582272078907,-25.757464812461997,-25.957634153765287,-25.996572238868872,-25.958057299960533,-25.863247119874508,-25.869399459311087,-25.87063368832081,-26.05603945134523,-26.057825816386643,-26.062589816685016,-25.80845377036734,-25.807115528994423,-25.81814142016561,-26.361199145380873,-26.32998292324222,-26.35793250136957,-25.800633137337666,-25.797345411442144,-25.800222341440207,-26.140502130912314,-26.135657324391023,-26.13956146805518,5,0
19,2,matb,matb_easy,0,-25.713255418426712,-25.730934896878505,-25.720619002330103,-25.940486582849935,-25.95099736712996,-25.946400747167058,-25.88655204303389,-25.916687480567624,-25.897024704539106,-26.721926809520404,-26.737280175932074,-26.726762080056286,-25.83661329237897,-25.856798618717498,-25.840625032984878,-26.150220530578064,-26.164839944904433,-26.149821854235856,-26.007862631341702,-26.03058307447476,-26.023729719610515,-26.264620478355294,-26.279013457146984,-26.278189646850567,-25.793469891348238,-25.818757826675636,-25.802871606044608,-26.708177734281914,-26.72518754804113,-26.720784352707202,-25.866785577764595,-25.880197458310718,-25.870914469098423,-26.263307894953574,-26.274809000463897,-26.26811322418005,8,0
19,2,matb,matb_medium,1,-25.524129979222597,-25.528249627047174,-25.524129979222597,-25.760734932816433,-25.76112210402307,-25.760734932816433,-25.802929458983282,-25.819708578045077,-25.802929458983282,-26.630653345958393,-26.640721588471862,-26.630653345958393,-25.561978402673233,-25.567908557969467,-25.561978402673233,-25.83218686697651,-25.83309100508664,-25.83218686697651,-25.921100889427404,-25.93277397182645,-25.921100889427404,-26.228344568184152,-26.23811327050083,-26.228344568184152,-25.751546384581655,-25.76762325689232,-25.751546384581655,-26.62933443251478,-26.637423567605378,-26.62933443251478,-25.773863262116947,-25.781402695255025,-25.773863262116947,-26.073523287465026,-26.07403659376031,-26.073523287465026,7,0
19,2,matb,matb_difficult,2,-25.46692917520137,-25.47643743528991,-25.46692917520137,-25.67231782108864,-25.675449644946653,-25.67231782108864,-25.718479584608264,-25.732019526800414,-25.718479584608264,-26.569579499080213,-26.57101228452209,-26.569579499080213,-25.52949226702427,-25.537835808542752,-25.52949226702427,-25.839351686257338,-25.846177996218163,-25.839351686257338,-25.928399348556425,-25.942709648703328,-25.928399348556425,-26.2127717810473,-26.218535507883768,-26.2127717810473,-25.785895782582728,-25.79196512024244,-25.785895782582728,-26.685907609804655,-26.693267877924796,-26.685907609804655,-25.77990286609109,-25.78847303194134,-25.77990286609109,-26.102736788542945,-26.112657175233217,-26.102736788542945,6,0
19,3,nback,zero_back,0,-25.54387986236258,,-25.53802625328911,-25.84598575075723,,-25.842431735384196,-26.044561902585137,,-26.04829610800424,-26.28540971878943,,-26.27916378590214,-25.670286498080262,,-25.668355440997,-25.87812045284177,,-25.86874846077218,-25.73517668881743,,-25.726374443795137,-25.988970855772106,,-25.97341448735914,-25.703246661108267,,-25.71377571961775,-26.101912423707358,,-26.09041826197333,-25.53366914901321,,-25.529119207677063,-25.867495119095356,,-25.854056710014767,5,0
19,3,nback,one_back,1,-25.345574910450242,,,-25.936746352441062,,,-26.086920782791786,,,-26.34435610484682,,,-25.85549787710369,,,-26.07306732464992,,,-25.60030310768636,,,-26.081377961423282,,,-25.75309901288653,,,-26.08663167965445,,,-25.69410083968591,,,-25.983064669639205,,,1,0
19,3,nback,two_back,2,-25.683712433181167,,-25.683712433181167,-25.944947652698808,,-25.944947652698808,-26.191198908406058,,-26.191198908406058,-26.52241490063988,,-26.52241490063988,-25.862539734332042,,-25.862539734332042,-26.108823608756527,,-26.108823608756527,-25.82323266791459,,-25.82323266791459,-26.14147399854186,,-26.14147399854186,-25.83755643706639,,-25.83755643706639,-26.225050737580442,,-26.225050737580442,-25.782571026196127,,-25.782571026196127,-26.096641375123653,,-26.096641375123653,7,0
19,3,matb,matb_easy,0,-25.93882254428968,-25.99810533939782,-25.93882254428968,-26.092776468792152,-26.130462652890515,-26.092776468792152,-26.375520727578255,-26.419849902236344,-26.375520727578255,-26.63329748839031,-26.669537616975965,-26.63329748839031,-26.016537235491533,-26.07091593655817,-26.016537235491533,-26.340482756116014,-26.38479294429612,-26.340482756116014,-26.0723910719714,-26.11881099101716,-26.0723910719714,-26.39064421214481,-26.41391657271407,-26.39064421214481,-26.24587456406606,-26.281274665041703,-26.24587456406606,-26.71782329730893,-26.744303744420442,-26.71782329730893,-26.038283273518044,-26.076421657447533,-26.038283273518044,-26.321386993232007,-26.362976590891154,-26.321386993232007,8,0
19,3,matb,matb_medium,1,-25.54798898737959,,-25.54798898737959,-25.890517851486987,,-25.890517851486987,-26.12911387500256,,-26.12911387500256,-26.505903133288317,,-26.505903133288317,-25.6937387280188,,-25.6937387280188,-25.949738328291847,,-25.949738328291847,-25.820909214781793,,-25.820909214781793,-26.308118422886068,,-26.308118422886068,-26.020312274786587,,-26.020312274786587,-26.488778489121987,,-26.488778489121987,-25.866124827973525,,-25.866124827973525,-26.092156929488944,,-26.092156929488944,3,0
19,3,matb,matb_difficult,2,-25.641701453528665,-25.663827940069112,-25.641701453528665,-25.954819668921665,-25.91218897481007,-25.954819668921665,-26.166381367751203,-26.227001059898395,-26.166381367751203,-26.52592397189661,-26.625995248247676,-26.52592397189661,-25.709110887785748,-25.726754547248873,-25.709110887785748,-26.017749543380624,-25.989051393868436,-26.017749543380624,-25.95367068218295,-25.94868366309595,-25.95367068218295,-26.416379802952086,-26.399204118031044,-26.416379802952086,-26.046585592811596,-26.11267584562507,-26.046585592811596,-26.658262892372353,-26.72166996671139,-26.658262892372353,-25.92084829315317,-25.947908589823584,-25.92084829315317,-26.209250207169816,-26.193303356903076,-26.209250207169816,4,0
20,1,nback,zero_back,0,-25.874222017069613,,-25.902712211964825,-26.345940765559334,,-26.35458097611067,-26.75937256214908,,-26.767534006690596,-27.04459714716344,,-27.05156777808169,-26.342681802151805,,-26.352542317409217,-26.6128166980668,,-26.623423582965195,-25.84227305714967,,-25.85764712276289,-26.156793998190974,,-26.159392138873287,-26.555170191515224,,-26.56624623172984,-26.565843767629243,,-26.56241736021518,-25.747189836408346,,-25.75565073028318,-25.94843752740818,,-25.956533958133285,2,0
20,1,nback,one_back,1,-25.944773177701414,,-25.934191122158307,-26.314758495436525,,-26.312158773178425,-26.75043224265682,,-26.753363026741976,-27.022448856660763,,-27.026564289388098,-26.319422105945055,,-26.316330671804913,-26.576984697549317,,-26.57146384378933,-25.822888894497964,,-25.821538704847455,-26.059536883626702,,-26.064330901895552,-26.474215330157843,,-26.479405253015933,-26.414680159349178,,-26.419352537869663,-25.694584271731728,,-25.696626530230173,-25.83480068667091,,-25.83743932965915,3,0
20,1,nback,two_back,2,-25.852626393147123,,-25.86258078502558,-26.254051643514913,,-26.255189639665534,-26.676865262287276,,-26.69318070644966,-27.024882412858016,,-27.026364282171013,-26.207981968172952,,-26.208709783176324,-26.610289655724102,,-26.60258454919595,-25.826086992970705,,-25.809235422040146,-26.096990260641693,,-26.069734674455365,-26.47972482512843,,-26.492019879171902,-26.608274685551407,,-26.589539109387196,-25.61942293216628,,-25.58962256245002,-25.959395418651575,,-25.911107941013167,5,0
20,1,matb,matb_easy,0,-26.220708273959293,,-26.220708273959293,-26.505172439460218,,-26.505172439460218,-26.88823369818825,,-26.88823369818825,-27.227614442589932,,-27.227614442589932,-26.528530440382077,,-26.528530440382077,-26.872162813563722,,-26.872162813563722,-26.564869596404115,,-26.564869596404115,-26.833339933936248,,-26.833339933936248,-26.99253618209289,,-26.99253618209289,-27.31897524275613,,-27.31897524275613,-26.590149589085215,,-26.590149589085215,-26.876341839074314,,-26.876341839074314,8,0
20,1,matb,matb_medium,1,-26.061770619073116,,-26.061770619073116,-26.27323460359099,,-26.27323460359099,-26.701904204806567,,-26.701904204806567,-27.063158004992275,,-27.063158004992275,-26.200646361800025,,-26.200646361800025,-26.618894105510712,,-26.618894105510712,-26.567125819699037,,-26.567125819699037,-26.846615389221018,,-26.846615389221018,-26.999199307829624,,-26.999199307829624,-27.372808733611418,,-27.372808733611418,-26.514429057795287,,-26.514429057795287,-26.891323190707123,,-26.891323190707123,6,0
20,1,matb,matb_difficult,2,-26.0567952484937,-26.07377194704349,-26.0567952484937,-26.22725608772408,-26.211841571596807,-26.22725608772408,-26.623625310579353,-26.620640499606473,-26.623625310579353,-27.018191747861795,-27.007048131441376,-27.018191747861795,-26.13426168334775,-26.12605953708956,-26.13426168334775,-26.58894160889067,-26.579702399006145,-26.58894160889067,-26.517899339941103,-26.50280680937157,-26.517899339941103,-26.778504732970053,-26.728595602995256,-26.778504732970053,-26.859310723192717,-26.839138376648197,-26.859310723192717,-27.40846615604833,-27.38750655992983,-27.40846615604833,-26.368615581338144,-26.348995482175063,-26.368615581338144,-26.896589111827915,-26.881876674339132,-26.896589111827915,7,0
20,2,nback,zero_back,0,-25.345097381977983,,,-25.935652894811362,,,-26.305474651566737,,,-26.528588048277726,,,-25.769061256658087,,,-25.67796117359344,,,-25.221912798444123,,,-25.515553088564875,,,-25.917654920931156,,,-25.829598659728234,,,-25.081811016786727,,,-25.147357573576883,,,4,0
20,2,nback,one_back,1,-25.39850460247626,,-25.685388264855817,-26.086258141605438,,-26.46526545292315,-26.458237158751807,,-26.744851931530334,-26.854033391161867,,-27.176495844415886,-26.01831281792647,,-26.475971440854824,-26.032212107270503,,-26.391512748184553,-25.391390250845145,,-25.817752260664747,-25.735215233739606,,-26.346201987504184,-26.155525199378154,,-26.582553532657375,-26.142139846268186,,-26.475564720723668,-25.336173980938018,,-25.784826913856282,-25.40854055743415,,-25.727096078340896,5,0
20,2,nback,two_back,2,-25.113285030808917,,,-26.0853861779564,,,-26.380966418734197,,,-26.83371027564738,,,-26.102040292416753,,,-26.47693336592781,,,-25.3090141457265,,,-25.754438338886256,,,-26.157532835954935,,,-26.139535529640746,,,-25.3493682520268,,,-25.56306041784685,,,1,0
20,2,matb,matb_easy,0,-25.67599237327383,,-25.83808866946263,-26.39877811855938,,-26.38585457498869,-26.701052269138568,,-26.69172085386848,-27.231733259391998,,-27.22562557700458,-26.43116897811202,,-26.435547484563106,-26.348118701473993,,-26.50005632393608,-26.125866419415093,,-26.15277299438574,-26.58186043788959,,-26.426269507080953,-26.822211589906725,,-26.71458657540156,-27.250959530995768,,-27.193541967757554,-26.420385077919548,,-26.311204264981978,-26.51415702028092,,-26.514101118521367,6,0
20,2,matb,matb_medium,1,-25.46258840305861,,,-26.227280882549167,,,-26.51692868995406,,,-27.092400635770723,,,-26.226696759416008,,,-26.667167383431423,,,-26.072740714825727,,,-26.698113110032057,,,-26.85661474902192,,,-27.402001800129835,,,-26.403847976219815,,,-26.874985921183214,,,2,0
20,2,matb,matb_difficult,2,-25.42257560312403,,,-26.169167550378493,,,-26.45402472653687,,,-27.072239370665784,,,-26.062225002255587,,,-26.026171386246823,,,-26.034446041187376,,,-26.67556841848891,,,-26.809484465204722,,,-27.45198417259612,,,-26.26165954743463,,,-26.430494042277857,,,3,0
20,3,nback,zero_back,0,-25.639023192523545,,-25.639023192523545,-25.8915393541493,,-25.8915393541493,-26.305278755348542,,-26.305278755348542,-26.36797622512776,,-26.36797622512776,-25.67440323933126,,-25.67440323933126,-25.709065708080796,,-25.709065708080796,-25.18579612750466,,-25.18579612750466,-25.44198598038643,,-25.44198598038643,-25.869522976760816,,-25.869522976760816,-25.756494464454832,,-25.756494464454832,-25.019546769411615,,-25.019546769411615,-25.005447330846582,,-25.005447330846582,7,0
20,3,nback,one_back,1,-25.742436945622995,,-25.742436945622995,-26.008291713084393,,-26.008291713084393,-26.404872863784313,,-26.404872863784313,-26.516528642820983,,-26.516528642820983,-25.789353410096226,,-25.789353410096226,-25.8578198097755,,-25.8578198097755,-25.323244116802705,,-25.323244116802705,-25.578441034888684,,-25.578441034888684,-25.988613696517266,,-25.988613696517266,-25.86989352338758,,-25.86989352338758,-25.106252041190775,,-25.106252041190775,-25.09833619248941,,-25.09833619248941,5,0
20,3,nback,two_back,2,-25.765646657904405,,-25.763724600335486,-26.0737147259753,,-26.054650870679,-26.4660275500343,,-26.453473827363542,-26.66459993977939,,-26.647026885726284,-25.918108381362327,,-25.898112404854956,-26.06100600753142,,-26.040043805507423,-25.382946482735395,,-25.358516465474064,-25.6463829268258,,-25.60826922046893,-26.0693218681456,,-26.04430452306954,-26.000716259926975,,-25.965312508942425,-25.200116168468423,,-25.16380535423856,-25.22865131413564,,-25.190555992158917,6,0
20,3,matb,matb_easy,0,-26.19103455668943,,-26.205494929432014,-26.602688866747336,,-26.605378858698344,-26.891619515140956,,-26.888671247607856,-27.283425605152004,,-27.279853806048656,-26.63459255599987,,-26.634373539637803,-26.881510614842043,,-26.880752964772714,-26.383968751566375,,-26.38238205350694,-26.700810690650602,,-26.699971823213883,-26.78056191856457,,-26.774080452022456,-27.10391370645542,,-27.09154884823833,-26.43292985578695,,-26.43136405069318,-26.701298111826226,,-26.695552667178717,8,0
20,3,matb,matb_medium,1,-26.087180844601622,,-26.087180844601622,-26.508123836712947,,-26.508123836712947,-26.75687101404498,,-26.75687101404498,-27.157897322850996,,-27.157897322850996,-26.38477293220884,,-26.38477293220884,-26.652988724958085,,-26.652988724958085,-26.487712598872417,,-26.487712598872417,-26.905972972086495,,-26.905972972086495,-26.94695942633623,,-26.94695942633623,-27.388867065381156,,-27.388867065381156,-26.579677840268232,,-26.579677840268232,-26.884813066851542,,-26.884813066851542,4,0
20,3,matb,matb_difficult,2,-25.959819483913915,,-25.95933593938123,-26.394208264670787,,-26.38870383634085,-26.66313402720665,,-26.68562126155317,-27.108161806020732,,-27.109226694545054,-26.257898243761208,,-26.245659988726032,-26.54332027527513,,-26.53027629338388,-26.441221142756852,,-26.437944903115575,-26.913022149695287,,-26.902910266670034,-26.893388568961505,,-26.90853904392475,-27.411974181600453,,-27.408477154008036,-26.51941922169614,,-26.507459410462683,-26.882099754899112,,-26.873052892061803,3,0
21,1,nback,zero_back,0,-26.544765440702484,-26.704811530100898,-26.703878323308302,-26.560425058419202,-26.629826112922046,-26.631159127664727,-26.912280374370265,-26.996506757878294,-26.99827383280454,-27.32786955705704,-27.391154388113687,-27.39168847208359,-26.5743606609339,-26.642963172146576,-26.64024336918184,-26.90187990444586,-26.969069636213433,-26.966418317895425,-26.895539875971316,-26.976045922504593,-26.98123114021571,-26.97085064314688,-27.015458674349656,-27.02393622409024,-27.306533521579716,-27.35948348531145,-27.3645832936721,-27.70553500344988,-27.74132368912007,-27.745360081068966,-26.395032246089283,-26.43027022857025,-26.428756591346442,-26.7972792172759,-26.824184252604454,-26.82515210407238,6,0
21,1,nback,one_back,1,-26.513900111643714,-26.698011346494553,-26.657028360904878,-26.541216237212364,-26.60056228272358,-26.59270786451007,-26.87525750082957,-26.982693063747934,-26.93182499897827,-27.34363584263375,-27.432340985242227,-27.400151719214044,-26.5492671203726,-26.655621849309664,-26.6029196402673,-26.859787926324596,-26.96694178117765,-26.922764139149898,-26.89511977670579,-27.018750537440308,-26.98638827362932,-27.01325238668227,-27.06276358119219,-27.04868393165855,-27.289401309302146,-27.36666372745618,-27.32889431792671,-27.682333096776688,-27.743831539386807,-27.715642058501327,-26.437296590767513,-26.491520183822132,-26.456777794720654,-26.808933464525136,-26.86346235982598,-26.83497353929174,4,0
21,1,nback,two_back,2,-26.248534022142188,-26.44486229020384,-26.390515268348025,-26.358965572885023,-26.409776137618042,-26.387188523241566,-26.82483479591848,-26.896893905370938,-26.870439531246614,-27.3026731169235,-27.37992543279423,-27.35060046446882,-26.39075884743184,-26.48064089575038,-26.431989346633074,-26.801652463073328,-26.886676201870415,-26.847244501728884,-26.65911568061726,-26.77262641654613,-26.73597821095089,-26.87768626147645,-26.942738619762835,-26.916456605793467,-27.227832248901684,-27.25974646738844,-27.25081680221794,-27.444328522365108,-27.438116301842502,-27.4526073527402,-26.398057481540256,-26.45825713422852,-26.423201125120478,-26.893375985298785,-26.938712398573355,-26.91657646931779,1,0
21,1,matb,matb_easy,0,-26.736485110446882,-26.739796719936997,-26.736485110446882,-26.634919469863632,-26.63705114943799,-26.634919469863632,-26.991742698960024,-26.993508819238507,-26.991742698960024,-27.436340212731025,-27.43969821040799,-27.436340212731025,-26.66240878974743,-26.665825806043124,-26.66240878974743,-26.902264466713625,-26.90857579824439,-26.902264466713625,-27.10491255064285,-27.107655726925426,-27.10491255064285,-27.116396556743013,-27.118366277774793,-27.116396556743013,-27.325988081056643,-27.32720671599275,-27.325988081056643,-27.730643849923027,-27.73109028032649,-27.730643849923027,-26.588238511198977,-26.58944249954589,-26.588238511198977,-27.019502270927745,-27.02305290939616,-27.019502270927745,3,0
21,1,matb,matb_medium,1,-26.335454253793007,-26.336366365704585,-26.335454253793007,-26.287018158017595,-26.287827882901365,-26.287018158017595,-26.672853986141902,-26.674660045772253,-26.672853986141902,-27.12534792673915,-27.126495558605725,-27.12534792673915,-26.16716378766554,-26.166923263268,-26.16716378766554,-26.30726174063047,-26.307415473773855,-26.30726174063047,-26.704413125351813,-26.707619198493784,-26.704413125351813,-26.775758152606084,-26.775893745743847,-26.775758152606084,-27.119526236150474,-27.120258917781783,-27.119526236150474,-27.536237222351374,-27.53900908444831,-27.536237222351374,-26.193434133938695,-26.194779432721763,-26.193434133938695,-26.54851251371845,-26.550740792770647,-26.54851251371845,5,0
21,1,matb,matb_difficult,2,-26.23431491824507,-26.25018271511726,-26.23690985420734,-26.250804258977904,-26.26572822381825,-26.252719448435066,-26.68127837120725,-26.69854299587043,-26.686020023695878,-27.136060004631737,-27.155444658585267,-27.141267630921046,-26.110062168293712,-26.119370444386398,-26.10929617618869,-26.29349082707834,-26.299622025839632,-26.295032557572952,-26.56423682731748,-26.57870673061525,-26.565525775420944,-26.706510089291772,-26.721476078504093,-26.7056572759493,-27.091688470930116,-27.0997616567643,-27.090718172462424,-27.59711181673604,-27.603463129961412,-27.598554060950473,-26.15562778102067,-26.16899806741452,-26.15335192028422,-26.604812338069884,-26.609916460825612,-26.603862426182612,2,0
21,2,nback,zero_back,0,-26.23328444069916,,-26.255945909895534,-26.476262709862333,,-26.492644087843065,-26.793143826029734,,-26.803375573584297,-27.27099936354823,,-27.278359859284365,-26.56051451848462,,-26.577804089414222,-26.908709971986294,,-26.918080174920412,-26.643048152842027,,-26.658937834388745,-26.901152572637656,,-26.919794085282167,-27.070781273115223,,-27.094176017420185,-27.419652290816973,,-27.4345691203339,-26.328906952571913,,-26.369250421313584,-26.83652734815594,,-26.859199601730932,5,0
21,2,nback,one_back,1,-25.999746278012903,,-26.0629562479477,-26.461111590382927,,-26.493011871067445,-26.786243222777536,,-26.8212177258262,-27.345681352593278,,-27.352089529292666,-26.571506469907003,,-26.589400268479324,-26.898760579614702,,-26.905249625789985,-26.61198038470777,,-26.662983216918615,-26.977386761531427,,-26.998143798678207,-27.173602579129415,,-27.207082169428386,-27.568654656094058,,-27.57355891318642,-26.49624475805037,,-26.514390213641036,-26.975730457100305,,-27.004656779433198,1,0
21,2,nback,two_back,2,-26.02714853973946,,-26.145438923327813,-26.340872008487167,,-26.437747335966804,-26.77631015984374,,-26.839113747593526,-27.304995857016365,,-27.352688498160934,-26.493371512994212,,-26.53463752512203,-26.85606635465799,,-26.894583886336402,-26.62298225146524,,-26.694245517981855,-26.914793421448724,,-27.01514767079757,-27.176094145928282,,-27.230783358423825,-27.552034187765468,,-27.5852060927018,-26.422780032960542,,-26.4563510865197,-27.023941800049464,,-27.04918464664468,3,0
21,2,matb,matb_easy,0,-26.245989732932003,,-26.272909685246788,-26.59196380342921,,-26.59483245009036,-26.874106946366307,,-26.880590386172372,-27.309997647322874,,-27.310925066848128,-26.625456779674856,,-26.633837257285677,-26.925856537257044,,-26.932247187449452,-26.757546965194848,,-26.775682959493132,-27.078686101325474,,-27.083804028219113,-27.19005601052909,,-27.193548783426163,-27.61161824724985,,-27.61049302401121,-26.571472709918453,,-26.579739834771164,-27.030282029411428,,-27.032855757842086,8,0
21,2,matb,matb_medium,1,-25.9731479430447,,-25.9731479430447,-26.21159042818607,,-26.21159042818607,-26.578511191516135,,-26.578511191516135,-27.046619917618745,,-27.046619917618745,-26.16090975781382,,-26.16090975781382,-26.35215875782959,,-26.35215875782959,-26.53395196023256,,-26.53395196023256,-26.769339099847173,,-26.769339099847173,-27.019002492054966,,-27.019002492054966,-27.51106457730023,,-27.51106457730023,-26.232429762689993,,-26.232429762689993,-26.712942829340246,,-26.712942829340246,7,0
21,2,matb,matb_difficult,2,-25.934760366437,,-25.937400720473303,-26.223696046491973,,-26.216618546346226,-26.535631843814212,,-26.534290980338753,-27.089174750145006,,-27.08961837163507,-26.089018626970926,,-26.08883946469866,-26.402275184306745,,-26.403476641307407,-26.470022523648527,,-26.471375174570255,-26.72109785888089,,-26.719230652474682,-26.910350887421547,,-26.908411576091893,-27.52948395458143,,-27.524173422188404,-26.057407022779742,,-26.053061095352522,-26.773739992614118,,-26.767490403738694,2,0
21,3,nback,zero_back,0,-26.29398862831809,-26.48308724116055,-26.409910762659422,-26.340153010897414,-26.446764971567102,-26.392827342432366,-26.62317289075054,-26.861716511697953,-26.74783922472786,-27.16718391476579,-27.353373125025435,-27.253304707184643,-26.316527014366688,-26.48275448644755,-26.381031065889548,-26.848754646051475,-26.952149675382095,-26.893450442690746,-26.68945500651837,-26.812901471546766,-26.75958735695749,-26.807832753466062,-26.930172664374936,-26.86679834823146,-26.992967403562293,-27.186413365145953,-27.093636698021275,-27.295341225191933,-27.411367612635292,-27.38097700133256,-26.182069440376882,-26.283770736751848,-26.227850003471445,-26.740313536137386,-26.779272592632832,-26.7652113913772,4,0
21,3,nback,one_back,1,-26.374153774330544,-26.46784685064757,-26.412914974910525,-26.330282474358373,-26.392036658340782,-26.350278431774264,-26.726247788694693,-26.860060060208657,-26.755944984916677,-27.178156344660966,-27.270535754455214,-27.196550465243007,-26.337604593972227,-26.45899665688677,-26.422317492545403,-26.821758602676272,-26.898908637905425,-26.858363488983045,-26.691842846807386,-26.7443015942545,-26.71230352738948,-26.746081984258733,-26.786843908398648,-26.763543336057367,-27.101874552499574,-27.19143148169324,-27.131393115043043,-27.4094846834145,-27.451712414659205,-27.417247380078607,-26.13147877330531,-26.173360001088938,-26.16770389826297,-26.684336200451646,-26.701167635103502,-26.69139187880373,1,0
21,3,nback,two_back,2,-25.739373726877844,-26.37786098929972,-26.3050420963846,-26.126585631889203,-26.27841042401329,-26.218894438052416,-26.54016752137325,-26.802946041733676,-26.728149494211525,-27.146257949299372,-27.35565636381729,-27.297445533402424,-26.170977027097738,-26.415454975634493,-26.362396647793258,-26.738694681667862,-26.897301487712767,-26.87296945338808,-26.515567749943568,-26.823745672683454,-26.770036154312358,-26.74253604327092,-26.969271899454743,-26.912038314463995,-27.083947140420662,-27.335335697166318,-27.268380621090937,-27.548619896602673,-27.71047916575803,-27.667270221548815,-26.1551281108725,-26.38988932582111,-26.348905606916812,-26.87816070923736,-27.026227287203827,-26.998997340990638,5,0
21,3,matb,matb_easy,0,-26.31370787024537,-26.461168217228575,-26.43012142664965,-26.401602639325752,-26.438270776041065,-26.42658734140178,-26.871392773654904,-26.91277881946346,-26.895045067435735,-27.329063031954224,-27.381237913779835,-27.367958148690448,-26.33407453623901,-26.39257953956068,-26.37186608256432,-26.895781656565934,-26.937561039529808,-26.918018606541725,-26.91509756696199,-26.98001295593967,-26.953017852355188,-27.02279399552106,-27.062448238611257,-27.04002655554037,-27.305481035528118,-27.34545706812809,-27.319222704025556,-27.70710644581803,-27.730714507891598,-27.715716809780208,-26.360625547481266,-26.402348781722143,-26.37384799360704,-27.07144309601476,-27.091071964948558,-27.0782231728139,6,0
21,3,matb,matb_medium,1,-26.022333338066822,-26.270814019021905,-26.179991013224296,-26.14910888573905,-26.303723795917612,-26.226214832221277,-26.499380950276393,-26.73262462073027,-26.59553395572452,-27.02869245487026,-27.195009513039636,-27.09663925673296,-25.744478428149762,-26.00302000474392,-25.90788300707712,-26.330634423866194,-26.445655476426467,-26.378439596513118,-26.508687136753096,-26.60168782402233,-26.583329261180264,-26.632069159319883,-26.703612963402282,-26.68642121524377,-26.95780700526672,-27.080033820050456,-27.010668778291514,-27.48110791717249,-27.560410703269742,-27.51031368087508,-26.00162378953049,-26.018610979979638,-26.063355799169695,-26.659496840119484,-26.644364538297786,-26.6805882656693,7,0
21,3,matb,matb_difficult,2,-26.072301118450238,-26.119694230451064,-26.099219878332622,-26.118266471465972,-26.168583956024857,-26.13574940639641,-26.479997093592743,-26.552281861056866,-26.50686687515854,-27.006566143996167,-27.08853714113042,-27.03880036280484,-25.81858372346064,-25.904157825597107,-25.85749016656649,-26.262986981251412,-26.311959160942962,-26.280422190713132,-26.42880884833072,-26.451875151623913,-26.439402071923283,-26.57619618995916,-26.592852187845367,-26.58431616989235,-26.872190237069788,-26.889139588251574,-26.889782572050656,-27.436266516193836,-27.451106573863935,-27.4405437422085,-25.79762379231976,-25.825509096841976,-25.81146241926985,-26.577322914929713,-26.59991076770662,-26.587122962853062,3,0
22,1,nback,zero_back,0,-25.247037774598347,,-25.662617979669797,-25.60014673708005,,-25.66625648316029,-25.85004308634258,,-26.030561117357774,-26.49592970374612,,-26.624978407665857,-25.5699819671177,,-25.73518881018388,-26.045819462158583,,-26.155205217493403,-25.609756766775618,,-25.881619827896703,-25.986499958852345,,-26.144679207294356,-26.051712244248588,,-26.258100932703552,-26.425828720990403,,-26.54480247381861,-25.434327964027286,,-25.614571314358372,-25.870701307646677,,-25.97893177755051,4,0
22,1,nback,one_back,1,-25.427685255853564,-25.633483128815882,-25.563220437218188,-25.608198052294842,-25.587758219659385,-25.638499228343004,-25.90255336932947,-26.092302025951483,-26.00393449048564,-26.484643404957012,-26.636123450322053,-26.53975117533363,-25.612215593706715,-25.817069852749857,-25.681033348295873,-26.02041988106933,-26.11603478616972,-26.060688767019695,-25.81128993920787,-26.130616313505403,-25.931517680534096,-26.0836887124883,-26.229714850782067,-26.160298274490344,-26.230657542550368,-26.59173551672428,-26.356510256300062,-26.46226417100951,-26.608510651880856,-26.516738670047644,-25.528517767312447,-25.85759964899868,-25.62765132765426,-25.90598344242141,-26.089686803573738,-25.961433451583442,5,0
22,1,nback,two_back,2,-25.52714264862219,,-25.59168027480076,-25.63271738750866,,-25.626116964114146,-25.89642324737688,,-25.9360693541014,-26.569692285245402,,-26.592026720389317,-25.635049331549812,,-25.67525183552095,-26.131190890037423,,-26.15357777315069,-25.801031338181485,,-25.86171090345816,-26.133558794716755,,-26.169634316329198,-26.143511868935878,,-26.190272497336654,-26.610587346185078,,-26.621187660409444,-25.505711441006927,,-25.56834410299173,-26.115942094889725,,-26.14599264143894,1,0
22,1,matb,matb_easy,0,-25.456784864774544,-25.67300325761305,-25.501030723419245,-25.586736973327394,-25.592573216492788,-25.60362389264036,-25.802174205238767,-26.01859015477214,-25.86100324949566,-26.457537756747634,-26.588038463032895,-26.489980815954613,-25.525915039421054,-25.733206197403717,-25.56717928218648,-25.904433683126335,-26.112581736749775,-25.92668600360675,-25.729554494736302,-25.830261935667444,-25.75542398285221,-26.04237753620093,-26.072141305245122,-26.04777812390301,-26.16848652154718,-26.321650587482786,-26.22316084514779,-26.733159380415646,-26.85097513893847,-26.76278102472703,-25.687145570495726,-25.875393351963517,-25.738256589596904,-26.157622482036302,-26.279180630893514,-26.1735310577293,6,0
22,1,matb,matb_medium,1,-25.4590790976383,,-25.4590790976383,-25.578691789323813,,-25.578691789323813,-25.761335904852896,,-25.761335904852896,-26.452709763335776,,-26.452709763335776,-25.499443058768904,,-25.499443058768904,-25.880423527757706,,-25.880423527757706,-25.726208156273362,,-25.726208156273362,-26.00896288718766,,-26.00896288718766,-26.278044427939378,,-26.278044427939378,-26.821136535440303,,-26.821136535440303,-25.703293018559545,,-25.703293018559545,-26.210351022808634,,-26.210351022808634,8,0
22,1,matb,matb_difficult,2,-25.01822209277046,,-25.164911089674575,-25.447242952263473,,-25.56037904900889,-25.471375969360285,,-25.599190163603534,-26.276542390710137,,-26.342345327215895,-25.127157518132837,,-25.2715989341864,-25.682244117731795,,-25.74903735722931,-25.304189003018664,,-25.36710824861079,-25.716116930599927,,-25.806799452321275,-25.88127437594506,,-26.006348988172633,-26.662283823242856,,-26.75549840776965,-25.211480584511754,,-25.35343189910861,-25.99400449212479,,-26.05094265162694,7,0
22,2,nback,zero_back,0,-25.63683758625918,-25.697334760921557,-25.643668478873266,-25.786793592976856,-25.82767534789299,-25.781218643765914,-26.063981881462457,-26.11277900872129,-26.06659249996893,-26.565063523874635,-26.56326544996088,-26.564490901005744,-25.774404358513767,-25.807896809719974,-25.78093713546269,-26.286687687153197,-26.309608949733565,-26.2961326118026,-25.725610126485105,-25.72231006198756,-25.720731088470316,-26.18958735691829,-26.18118155176611,-26.17533217080062,-26.17600469316478,-26.220531048992175,-26.172812048347325,-26.626288046631352,-26.551939957326205,-26.60510336373673,-25.552154278225004,-25.490840864104268,-25.539746449127072,-26.09672972792572,-25.922380653068256,-26.071533097066485,1,0
22,2,nback,one_back,1,-25.520994732263933,-25.641073421008084,-25.587708846942252,-25.69404361607355,-25.71642375811563,-25.71166564093181,-26.03386304280944,-26.090043969864563,-26.069681063278253,-26.506702605011704,-26.531296007371918,-26.5244936658684,-25.68074993063156,-25.763979732714294,-25.720616852242138,-26.215091169957667,-26.2403941047478,-26.228306625542064,-25.742608658293335,-25.89859994008849,-25.82181390158251,-26.193956028667817,-26.303218433417154,-26.25052996801493,-26.315214237803687,-26.412331684051228,-26.352204085524004,-26.650522454201763,-26.698724340353554,-26.685337491699528,-25.675433337459005,-25.750978366893715,-25.729473429060214,-26.19333899190046,-26.241977125449427,-26.236366173232728,2,0
22,2,nback,two_back,2,-25.469043294765708,-25.63589367935802,-25.526819864247532,-25.616241142495728,-25.687725791075085,-25.64499673657534,-25.9734714723355,-26.02920414906191,-26.015104984064326,-26.490573567331282,-26.52534209830083,-26.515580005127962,-25.634183183974848,-25.748529479202347,-25.69592535353786,-26.14667019063036,-26.180494374767154,-26.17100962528581,-25.61751519697762,-25.820661285328164,-25.717709373123984,-26.06455012185872,-26.211733135072198,-26.151771677252704,-26.124373296830857,-26.17453842314388,-26.18299990253613,-26.595594178990297,-26.760295232882843,-26.638037879725225,-25.539628914731864,-25.697588877107176,-25.634888706170155,-26.105741738058175,-26.26334653882768,-26.14228073202646,5,0
22,2,matb,matb_easy,0,-25.63579061399811,-25.697876918810834,-25.63579061399811,-25.852949657472333,-25.879992951265166,-25.852949657472333,-26.02564737160219,-26.05999758163623,-26.02564737160219,-26.504520692773713,-26.516730322607685,-26.504520692773713,-25.7597249316433,-25.790990414302435,-25.7597249316433,-26.156398756067425,-26.188609082734665,-26.156398756067425,-25.774953139471293,-25.874053460464097,-25.774953139471293,-26.24638153649851,-26.303047769850547,-26.24638153649851,-26.358337835561578,-26.427057122053462,-26.358337835561578,-26.903351406128206,-26.90956426029887,-26.903351406128206,-25.994175213661247,-26.039950588980652,-25.994175213661247,-26.45492961376646,-26.444649482105227,-26.45492961376646,4,0
22,2,matb,matb_medium,1,-25.35594541443505,-25.368348406857905,-25.362802908222207,-25.700062260569887,-25.67736023228507,-25.71042981942454,-25.840006866434145,-25.885672638927613,-25.842882095944493,-26.408540086072,-26.40167597423115,-26.406844208483136,-25.53542034748269,-25.52853326705286,-25.533240117647114,-25.947408960851824,-25.909281413833963,-25.94584029960621,-25.376101342338607,-25.464693888023515,-25.390843355901957,-25.945605568479277,-25.96603174348622,-25.95888377410249,-26.122026008349533,-26.078356464867475,-26.12262475228404,-26.74774727220212,-26.66009966772854,-26.745977603718227,-25.796499527972593,-25.80002513645943,-25.793132082849937,-26.278009620663028,-26.27052538445231,-26.276997692280865,7,0
22,2,matb,matb_difficult,2,-25.339149980632364,-25.500805706556964,-25.356141877012217,-25.599413448344443,-25.701429922957363,-25.605969648717547,-25.77925811514103,-25.895109937273286,-25.787127626644462,-26.416417731299262,-26.48369583895942,-26.41859158529395,-25.399894506334263,-25.51979619940581,-25.41067707293028,-25.925202106786074,-26.044991420992773,-25.928413116156435,-25.231172784603892,-25.475291881193346,-25.256584997465207,-25.872894071468888,-26.027077572665394,-25.893213211811048,-25.98857947560357,-26.071312027557052,-26.002268915225482,-26.736006368376408,-26.778870296578482,-26.74049817670059,-25.505950581456176,-25.699899839044804,-25.525101309005596,-26.25963274201218,-26.37938749030682,-26.262873068824263,3,0
22,3,nback,zero_back,0,-25.38234220039856,,-25.460398278313654,-25.769257150397912,,-25.82892624304202,-25.99744219865222,,-26.078474308393904,-26.61951479428935,,-26.675710594136095,-25.68856157644214,,-25.723421222499734,-26.233484945705186,,-26.257034005192594,-25.550210933929524,,-25.612585520171685,-26.15446461670998,,-26.197747768630038,-26.055507267830286,,-26.075990268317952,-26.49673765421653,,-26.48582942885694,-25.486140888922762,,-25.5241970380009,-25.8983524567059,,-25.878567523646165,2,1
22,3,nback,one_back,1,-25.31004839354605,,-25.41303551261905,-25.741910787659194,,-25.76808159846133,-25.99032274032123,,-26.022247871017484,-26.543788893392314,,-26.566625936311194,-25.626983258008014,,-25.65939400115164,-26.125732355722523,,-26.122765363595388,-25.573173819744497,,-25.69000616386367,-26.137146708946123,,-26.229629032374575,-26.08306695542414,,-26.107480300829906,-26.48035244288245,,-26.530317530338262,-25.548576436131384,,-25.585286105715728,-25.92376785533573,,-25.97267050703967,4,1
22,3,nback,two_back,2,-25.27950917705696,,-25.357525901892952,-25.620239253219975,,-25.631662929403127,-25.867600867271758,,-25.9689691326619,-26.587599415598422,,-26.62271842646431,-25.62555329467692,,-25.687194986937378,-26.205128802222895,,-26.226387587014454,-25.505759569018537,,-25.610737143357838,-26.120485689007428,,-26.190714148533985,-26.07473877199969,,-26.156699157216302,-26.741560344765762,,-26.800762503313123,-25.559361188114003,,-25.652254693534818,-26.268659208109884,,-26.33509435410746,3,1
22,3,matb,matb_easy,0,-25.38587817817952,,-25.401917112812683,-25.8781748599182,,-25.88517710068958,-26.034895712369654,,-26.046629233450254,-26.55520852510788,,-26.560738229738025,-25.766247303176964,,-25.781726454556228,-26.185433233174738,,-26.191151239813056,-25.39274618988466,,-25.40486960350268,-26.07200336424983,,-26.07994278712513,-26.1896497022219,,-26.19839538841265,-26.769017625746834,,-26.770934909709325,-25.970724819211025,,-25.98263466305796,-26.312124331218897,,-26.308437903952317,8,1
22,3,matb,matb_medium,1,-25.01561010687401,,-25.225749821246108,-25.6783563512614,,-25.74298547486777,-25.70799758070084,,-25.833493249450083,-26.427926539604922,,-26.474682139183397,-25.367630443484938,,-25.505612281260415,-25.988013590147933,,-26.043098931484963,-25.1886627755284,,-25.275039177455564,-25.859098460177677,,-25.928385918786358,-25.894899340976053,,-25.910267820410855,-26.69783883385909,,-26.695337816825145,-25.402486818397733,,-25.560118129227046,-26.25344178452968,,-26.310511841281777,5,1
22,3,matb,matb_difficult,2,-25.0026089170356,,-25.194769779035255,-25.645424665867615,,-25.684276834659688,-25.6714960859765,,-25.81123067515917,-26.417447591431056,,-26.46464676639054,-25.428454198466458,,-25.540263029408475,-25.99470070197823,,-26.04487123661471,-25.110298795017012,,-25.247271380203586,-25.7700209769576,,-25.85816749560333,-25.909752330470063,,-25.963551733945668,-26.687061812430898,,-26.7248878251317,-25.535013765091207,,-25.628120871614115,-26.258230810630998,,-26.267025263710533,7,1
23,1,nback,zero_back,0,-25.67027540279732,-25.788138259592472,-25.745645012075773,-25.93234892553766,-25.95741059149512,-25.946333601627856,-26.08370465095544,-26.137805839858366,-26.110648979249188,-26.37096416650677,-26.419450252215704,-26.388142569938914,-25.790979619044368,-25.856895033797397,-25.834743148390814,-25.92730999486263,-25.974521923479465,-25.934053686082482,-25.39753658441027,-25.430911656571492,-25.402824597194194,-25.532048306866066,-25.498996553966762,-25.49753695124623,-25.79655720958666,-25.793618337012937,-25.775807212637126,-25.93537076157985,-25.930664980509768,-25.911951439645904,-24.8939736738357,-24.877142603698022,-24.870394867408265,-24.945147106530435,-24.923413956535303,-24.90118736344978,7,0
23,1,nback,one_back,1,-25.024140413402286,-25.713591717473932,-25.249681885848585,-25.73116544154519,-26.097209714039522,-25.81514976378928,-25.888089188836428,-26.233782198908923,-26.024411137550846,-26.23226714508857,-26.52492411887859,-26.32564103086811,-25.799150285797197,-26.02314187430326,-25.866018814116295,-25.925796761114302,-26.150987132399408,-25.987503796506587,-25.616434432904665,-25.719423487553826,-25.69747011363978,-25.9998563832726,-25.904453472896616,-25.99320261512453,-26.147273569242163,-26.14532796139432,-26.180758815975334,-26.280150182704315,-26.244739005754408,-26.271540418507655,-25.6188905282213,-25.560801578748727,-25.598664243767633,-25.72008445699854,-25.532957859593242,-25.670620006101853,3,0
23,1,nback,two_back,2,-25.657154624052318,-25.78615850871437,-25.723912224116056,-25.985112248069594,-26.043635970228507,-26.004212447216105,-26.07993703975169,-26.145974576986465,-26.11010390157275,-26.48230338269594,-26.514194432769905,-26.498955766190694,-26.000617794943288,-26.056383187679465,-26.021069141409818,-26.18239454119354,-26.234988010289367,-26.200053537384154,-25.91947455318454,-25.967476044695278,-25.93814450218797,-26.217954473692345,-26.215223624249884,-26.212077951792732,-26.32341684913621,-26.348979908895927,-26.33155747178701,-26.548045707259917,-26.558993879928874,-26.552025020443818,-25.789852370424057,-25.82900662539388,-25.791962102983128,-26.030372366483295,-26.05792876991517,-26.032974163114893,8,0
23,1,matb,matb_easy,0,-25.376225335381413,-25.451575247433794,-25.376225335381413,-25.805856259900004,-25.848021776399797,-25.805856259900004,-25.88297004768592,-25.914631767683144,-25.88297004768592,-26.37269363043236,-26.409902303776473,-26.37269363043236,-25.75273033732168,-25.789443965347353,-25.75273033732168,-26.043713794124727,-26.081776873638077,-26.043713794124727,-25.815121209783563,-25.858790701476142,-25.815121209783563,-26.234625335204065,-26.25053190593088,-26.234625335204065,-26.238298969128305,-26.224814707651216,-26.238298969128305,-26.512141058866767,-26.50291176690139,-26.512141058866767,-25.89763967514641,-25.90252865567838,-25.89763967514641,-26.132763701585546,-26.14268123030594,-26.132763701585546,5,0
23,1,matb,matb_medium,1,-23.546219374077598,-24.737910451073247,-24.059602530932896,-24.688297173505738,-25.37263779037666,-24.96640834909647,-24.976154174658646,-25.53670795021347,-25.229788158055396,-25.742015222275732,-26.536060588401384,-26.085715188371566,-24.86471255971502,-25.486337443470113,-25.141239817453965,-25.18233586901762,-25.944636123615567,-25.504766996429836,-24.66174283892555,-25.19849878865082,-24.84435384089466,-25.5767736953257,-25.882904236195305,-25.692774331347206,-25.79999600746342,-25.992043011490342,-25.884466579622995,-26.4357632738807,-26.600146641124816,-26.49369784273138,-25.4993454766812,-25.718317885814677,-25.587798344827345,-25.911991177060678,-26.04743865547817,-25.98832358278783,1,0
23,1,matb,matb_difficult,2,-24.870015548734205,-25.065478703928658,-24.924118860606296,-25.474551396425706,-25.552393000399352,-25.470161508034348,-25.52281233843451,-25.580369988900586,-25.522450955600526,-26.130033308548384,-26.192771181530272,-26.128260594173227,-25.46558667651974,-25.51039230356193,-25.46131685893617,-25.840377120984872,-25.860346833394146,-25.838609456678743,-25.60425519638635,-25.698125319251833,-25.619013318005436,-26.124656496978865,-26.15254399933671,-26.120066665334555,-26.144053256589007,-26.159007404968804,-26.13960196890407,-26.47546063867514,-26.487146071861403,-26.46802147115577,-25.816021562261188,-25.805216654794744,-25.80938747766625,-26.089431363410863,-26.06078808205024,-26.08664759677563,6,0
23,2,nback,zero_back,0,-25.9579457089438,-26.05279033014359,-26.03808808291524,-25.987141134140874,-25.9933479155034,-25.991605201496014,-26.368842238540385,-26.393185721180725,-26.379083157135774,-26.446463782306548,-26.44907808601873,-26.452081387958145,-25.846283050748006,-25.849909843524024,-25.846838852499076,-26.05397373913288,-26.0488587751331,-26.05242568996996,-25.460810282654247,-25.45362059213185,-25.467779682855518,-25.5082205359941,-25.471562390775926,-25.49393879628981,-25.974805057028707,-25.962380473031402,-25.967473663988482,-25.694758320361597,-25.648946894883828,-25.676315465871454,-24.993166173394908,-24.95260852220301,-24.97799807619652,-25.10423099715288,-25.051143662716903,-25.08400000921269,4,0
23,2,nback,one_back,1,-26.16786819284103,-26.180670043803424,-26.184758817461347,-26.103230469706165,-26.10245338110677,-26.109085808467658,-26.462804429281015,-26.481807810844373,-26.48420101878292,-26.596283985136754,-26.605063369959016,-26.610363650574413,-26.003415178234317,-26.011130185892313,-26.012603938877746,-26.30725298036764,-26.318616245826796,-26.321283548002288,-25.7432101564076,-25.75049698409991,-25.75434216865719,-25.772972635046756,-25.77452887007449,-25.783163277064276,-26.144795803904902,-26.150359382433845,-26.15417977718462,-25.92858677469238,-25.940118404999684,-25.938837091202185,-25.2351355318999,-25.23706532561716,-25.24162197319485,-25.40000190436718,-25.410111346645582,-25.410184216424238,1,0
23,2,nback,two_back,2,-26.127338409009013,-26.138925337050406,-26.127338409009013,-26.050572383810067,-26.047252435249433,-26.050572383810067,-26.378132565903723,-26.397980771918686,-26.378132565903723,-26.585544071555958,-26.585336781749646,-26.585544071555958,-25.951703362640618,-25.951305855470622,-25.951703362640618,-26.29979367611858,-26.29520225285434,-26.29979367611858,-25.74981223999392,-25.765170560555234,-25.74981223999392,-25.744441994998045,-25.75284722829393,-25.744441994998045,-26.091665857809765,-26.102546357153326,-26.091665857809765,-25.957566031825262,-25.95474710553188,-25.957566031825262,-25.19962151848429,-25.203614166166297,-25.19962151848429,-25.499716001862964,-25.496967913122674,-25.499716001862964,6,0
23,2,matb,matb_easy,0,-26.095683985813196,-26.182154747464523,-26.157862432272136,-26.225579304746887,-26.24049983970481,-26.234536010255905,-26.44963873959872,-26.493448311820067,-26.462930207994624,-26.673175090996324,-26.69433185716184,-26.68912419496918,-25.944950653831402,-25.966189356334546,-25.952886782101572,-26.334265967396902,-26.354600635753208,-26.34605228461865,-26.266070667902824,-26.293529330646393,-26.27820500833226,-26.351430686864234,-26.356478572073662,-26.349464074570406,-26.45490991849506,-26.47282305391645,-26.460119824057713,-26.566801392260196,-26.58766948478182,-26.576101240699874,-25.907471503202043,-25.928685363402398,-25.914716168664857,-26.146342034012935,-26.17342749542962,-26.155678342134145,3,0
23,2,matb,matb_medium,1,-25.90836430351563,-25.941450444501598,-25.90836430351563,-26.03205735264681,-26.0553710397988,-26.03205735264681,-26.342858514216392,-26.363148815063486,-26.342858514216392,-26.528113381651576,-26.540251159459395,-26.528113381651576,-25.73712185925581,-25.76165033071281,-25.73712185925581,-26.150161565270412,-26.15130319399628,-26.150161565270412,-26.10919215337435,-26.13996371905666,-26.10919215337435,-26.218480165188016,-26.243134151542897,-26.218480165188016,-26.50518593137367,-26.498277777363406,-26.50518593137367,-26.63647951393974,-26.63366306226374,-26.63647951393974,-25.932929204517382,-25.924663336183233,-25.932929204517382,-26.26514452497742,-26.244042790329885,-26.26514452497742,2,0
23,2,matb,matb_difficult,2,-25.795986647726686,-25.806365264639627,-25.795986647726686,-25.932983255763588,-25.93572425982493,-25.932983255763588,-26.253273194661855,-26.255631101910527,-26.253273194661855,-26.43125776693302,-26.423251598692666,-26.43125776693302,-25.64062654470862,-25.63908863851226,-25.64062654470862,-26.03650155140091,-26.028955499617673,-26.03650155140091,-26.08802685624639,-26.100541127162153,-26.08802685624639,-26.204298173771928,-26.223409017201845,-26.204298173771928,-26.50610372946441,-26.504424021719455,-26.50610372946441,-26.620339057325435,-26.61215469567126,-26.620339057325435,-25.92752009100766,-25.928758937261446,-25.92752009100766,-26.274732580624832,-26.267811259667198,-26.274732580624832,7,0
23,3,nback,zero_back,0,-26.02424451542155,-26.092517000553404,-26.092517000553404,-26.15841020516469,-26.17015655745555,-26.17015655745555,-26.39305885229498,-26.40346827850424,-26.40346827850424,-26.639706873548338,-26.651725973886798,-26.651725973886798,-25.95698675974786,-25.965264627574918,-25.965264627574918,-26.14186270409962,-26.153717720324,-26.153717720324,-25.78206666377078,-25.80440683601702,-25.80440683601702,-25.93324325840936,-25.944326739345698,-25.944326739345698,-26.1821636929007,-26.190990642226087,-26.190990642226087,-26.226163235609203,-26.234021837804907,-26.234021837804907,-25.218230491795403,-25.230947676598884,-25.230947676598884,-25.363591368819794,-25.37837823246912,-25.37837823246912,1,0
23,3,nback,one_back,1,-25.91185456774199,-26.024315759715478,-25.971640748119597,-26.023577636763804,-26.095261992413313,-26.043105833592893,-26.2143412081105,-26.30141921339273,-26.25798290461628,-26.425075969759337,-26.501247282775257,-26.451699203007585,-25.69762677111349,-25.844505736091417,-25.77774057991318,-25.96449006046653,-26.055803627111644,-25.98030883284298,-25.397639509313816,-25.568117113804423,-25.421134870440245,-25.57846516755479,-25.717357776095984,-25.588799096354837,-25.826054009423373,-25.958298165554304,-25.848185652518673,-25.91469372452158,-26.01682856627669,-25.92314918269697,-24.79683058031545,-24.98541735118727,-24.82189143516268,-24.971777721277906,-25.147341761230027,-24.979685002588507,3,0
23,3,nback,two_back,2,-25.945868317057823,-25.987757603490575,-25.98823340142158,-26.068640466092596,-26.039478315880576,-26.075600629097593,-26.198292514676222,-26.242071837558658,-26.230813188577645,-26.484784497060865,-26.506639845602454,-26.50866184566893,-25.775074379501415,-25.767992457847058,-25.788268365288758,-26.05038355290634,-26.033431610827204,-26.05935462292505,-25.671698625915315,-25.62790301162786,-25.67926820964666,-25.843016714792306,-25.73657852629769,-25.82924379861107,-25.935477241422586,-25.94102480553207,-25.968291265650052,-26.090161247232004,-26.058521932120097,-26.109689506345195,-24.921094268603913,-24.822365336456084,-24.914462771341643,-25.294011361491602,-25.191087947111317,-25.285852022240952,5,0
23,3,matb,matb_easy,0,-26.052244744139916,-26.056142245834813,-26.052244744139916,-26.237541690286058,-26.24347911897691,-26.237541690286058,-26.35937675173634,-26.367926112143643,-26.35937675173634,-26.57311652385522,-26.577581936446162,-26.57311652385522,-25.79778475866054,-25.79958670310522,-25.79778475866054,-26.085931821849417,-26.086890096055917,-26.085931821849417,-26.27727337268569,-26.274130650430486,-26.27727337268569,-26.559516173780338,-26.557806479463373,-26.559516173780338,-26.49973047721235,-26.504937158597286,-26.49973047721235,-26.678067016065153,-26.682016152227288,-26.678067016065153,-25.82736565761844,-25.825303753779142,-25.82736565761844,-26.03017051125272,-26.023622051039414,-26.03017051125272,2,0
23,3,matb,matb_medium,1,-25.684242725537878,-25.71548253009689,-25.696740590832135,-25.940623681714037,-25.9414559516667,-25.942953342603758,-26.11571184570451,-26.1485627309826,-26.14622216407715,-26.406741188943503,-26.4323989419502,-26.427964322467716,-25.506039801277808,-25.50785618299164,-25.508181293520153,-25.883812771570703,-25.878594944587256,-25.879215603069042,-26.067485503059636,-26.076356923350108,-26.07458084775258,-26.43396523022268,-26.432269289459914,-26.440925600593747,-26.372135699973246,-26.379912818869354,-26.396030748460863,-26.60227632999016,-26.60604174397645,-26.622021379065522,-25.70143448458409,-25.688030590386504,-25.70478133150574,-26.00248972570936,-25.985114073517178,-26.001277578921005,8,0
23,3,matb,matb_difficult,2,-25.660792381088093,-25.669171134588076,-25.660792381088093,-26.041024612518463,-26.033748883266863,-26.041024612518463,-26.171393734498977,-26.173581303694352,-26.171393734498977,-26.451011804133426,-26.455857489828574,-26.451011804133426,-25.470826939174948,-25.470787266641914,-25.470826939174948,-25.853503978358322,-25.848260954879844,-25.853503978358322,-26.171048728672922,-26.17905237355801,-26.171048728672922,-26.52070148463459,-26.5157513056052,-26.52070148463459,-26.505119688581523,-26.50621472781481,-26.505119688581523,-26.6003310044185,-26.596774024029646,-26.6003310044185,-25.757310545692548,-25.755755692433123,-25.757310545692548,-26.11518150798762,-26.10338542981705,-26.11518150798762,6,0
24,1,nback,zero_back,0,-25.53857916286995,,,-26.369207053009486,,,-26.512848587675357,,,-26.799846320447912,,,-26.33836714956462,,,-26.3502810240488,,,-26.044288620074855,,,-26.429812559156836,,,-26.638626715497214,,,-26.750781450529182,,,-25.890026970373956,,,-25.87586734942021,,,3,0
24,1,nback,one_back,1,-25.857961262335138,,-26.01102887354239,-26.380769388061687,,-26.399997287695896,-26.63151077670673,,-26.697491539965537,-26.859682608770356,,-26.878599725425367,-26.38015732940797,,-26.422975352516065,-26.443951518759217,,-26.479182447406586,-26.152826886519136,,-26.224775806159208,-26.323119364284143,,-26.34792567226873,-26.571312621218482,,-26.61724162407821,-26.68766434042844,,-26.69041246924375,-25.8494461503769,,-25.868137777888368,-25.87322824370045,,-25.866386592119174,8,0
24,1,nback,two_back,2,-25.591696810916385,,,-26.30428772462021,,,-26.4256389771998,,,-26.826141944036216,,,-26.365296498276603,,,-26.376968196815334,,,-26.05429413154731,,,-26.505916501942977,,,-26.716426521731,,,-26.932119583767808,,,-26.037861044222364,,,-26.025356125671834,,,2,0
24,1,matb,matb_easy,0,-25.5701617572733,,,-26.361598263408162,,,-26.529259169230333,,,-26.686617596888198,,,-26.26706540963297,,,-26.277061897962543,,,-26.16035170404384,,,-26.66212949122602,,,-26.751827093876198,,,-26.830660378895708,,,-26.136426538535442,,,-26.129894409733648,,,4,0
24,1,matb,matb_medium,1,-25.60381270168003,,,-26.26817060132274,,,-26.507450737997736,,,-26.74640663935586,,,-26.21576165090318,,,-26.267444622586467,,,-26.252627827383854,,,-26.752010633804936,,,-26.813383923330566,,,-26.978272080858947,,,-26.19695988285932,,,-26.308775528334603,,,5,0
24,1,matb,matb_difficult,2,-25.69944348556349,,,-26.189515716710243,,,-26.425159998495378,,,-26.721018685286907,,,-26.052352169214522,,,-26.24417972370795,,,-26.18611114897298,,,-26.533597510245215,,,-26.65347773628157,,,-26.877479260520914,,,-25.8722000976315,,,-26.197139110607697,,,7,0
24,2,nback,zero_back,0,-26.449038347011836,-26.56738455446654,-26.5316494511989,-26.43823514566304,-26.479012048692542,-26.45601002880727,-26.53508552189696,-26.59940829910516,-26.5752227232061,-26.81604433614787,-26.84765855139725,-26.820246009120837,-26.306764583678117,-26.344996946216845,-26.313236620116484,-26.493764757113173,-26.582639539721136,-26.534645936919805,-26.524349830716336,-26.566799024109915,-26.538411167931898,-26.51272021735261,-26.50387419675472,-26.503799573568852,-26.691621064935735,-26.7076625335018,-26.698260230256665,-26.88523611966036,-26.89185676020306,-26.883168091610532,-25.941571718570188,-25.949133132576723,-25.930407642982768,-26.20856531582494,-26.211030956375446,-26.19377122078648,1,0
24,2,nback,one_back,1,-26.4104660845902,-26.550701439679695,-26.524893126085857,-26.430101685424063,-26.45871962298518,-26.44364569673426,-26.540623376293286,-26.63736531648346,-26.613191939900766,-26.841413875779107,-26.844430707993133,-26.85131866883468,-26.32449809368834,-26.35616663450231,-26.354431629758835,-26.492555918218784,-26.551774999791338,-26.552690767095502,-26.532877581082403,-26.59444391861051,-26.575985306064187,-26.56610930472339,-26.585850250800423,-26.577683655949336,-26.769688703559428,-26.79113980368954,-26.793438291247455,-26.952789617246328,-26.940418672626105,-26.95458273078383,-26.105849656575703,-26.10033372937778,-26.11033937542422,-26.33801731007212,-26.317029811491533,-26.324637385000177,4,0
24,2,nback,two_back,2,-26.4819368622332,-26.63133525910849,-26.62377710444918,-26.42922055081169,-26.469669451144433,-26.465351121484506,-26.571347850627962,-26.661775547838907,-26.65910806585746,-26.842534540381717,-26.87272277247137,-26.869562339849097,-26.380524601905393,-26.440323024072978,-26.429073484257593,-26.52512622642723,-26.64212407618939,-26.614885230362862,-26.706317962106418,-26.81135247718445,-26.782839324723557,-26.686440337455917,-26.739746404322656,-26.723310789943213,-26.857051617474653,-26.912403181281185,-26.90461704662597,-27.04403735483276,-27.076430197091373,-27.070308322238986,-26.16986447727721,-26.222476412184786,-26.208495097672117,-26.42745806768416,-26.46101250122624,-26.448751582460968,2,0
24,2,matb,matb_easy,0,-26.60855750967147,-26.632580392164233,-26.60855750967147,-26.57193701097271,-26.576379915650197,-26.57193701097271,-26.57081166996654,-26.5661013534521,-26.57081166996654,-26.839808407044888,-26.831554335253372,-26.839808407044888,-26.311001199558156,-26.308846928025392,-26.311001199558156,-26.489678947994427,-26.48638541395389,-26.489678947994427,-26.936849661338403,-26.961146767071874,-26.936849661338403,-26.869838593469634,-26.87543277580845,-26.869838593469634,-26.83491070336816,-26.83124913473595,-26.83491070336816,-26.974809345100873,-26.969353203003326,-26.974809345100873,-26.300468321983644,-26.299872746424374,-26.300468321983644,-26.567541147095188,-26.562248608872576,-26.567541147095188,6,0
24,2,matb,matb_medium,1,-26.438188719457333,-26.485339267460176,-26.438188719457333,-26.298806828532374,-26.342376517278755,-26.298806828532374,-26.44328919272735,-26.48712999251132,-26.44328919272735,-26.733304018311596,-26.764213598415687,-26.733304018311596,-26.188280481511264,-26.218528207806145,-26.188280481511264,-26.3713171860424,-26.407777224655433,-26.3713171860424,-26.895730143339893,-26.959671455918503,-26.895730143339893,-26.813185182111827,-26.88365308597185,-26.813185182111827,-26.83802472298121,-26.88972676208281,-26.83802472298121,-27.012151913055657,-27.061720940171654,-27.012151913055657,-26.233052924053847,-26.27179635555223,-26.233052924053847,-26.5749077338692,-26.585492789846995,-26.5749077338692,5,0
24,2,matb,matb_difficult,2,-26.405105199630054,-26.523453813213454,-26.428160236208726,-26.322721370513825,-26.38174542484717,-26.330476651671365,-26.430672733210088,-26.530679715278158,-26.4446193680057,-26.738468782300995,-26.81601999592832,-26.74860397511347,-26.072292182757895,-26.16799628698357,-26.08840938741991,-26.199941054598145,-26.373451169941294,-26.23844080569184,-26.75502679543373,-26.96951179481406,-26.78440643295373,-26.751780480482008,-26.92771064706415,-26.776093799492987,-26.81449452483553,-26.917895711722416,-26.829464530803463,-27.084983848169976,-27.137322798517662,-27.085928208182825,-26.113230853396505,-26.311536088208296,-26.138675854234577,-26.58808507612461,-26.665655951417225,-26.602062452366564,7,0
24,3,nback,zero_back,0,-24.925034352197223,,,-26.347201937570198,,,-26.540098032946606,,,-26.674203665717,,,-26.36048868425207,,,-26.507134057567033,,,-25.617192145209163,,,-26.37970603200649,,,-26.58558044284782,,,-26.678240507644023,,,-25.9193331581777,,,-25.983564244289948,,,4,0
24,3,nback,one_back,1,-24.417604194550428,,,-26.27902153374083,,,-26.580280373424976,,,-26.78034156482545,,,-26.37861243519752,,,-26.529001834478937,,,-25.268941803342187,,,-26.40245993067473,,,-26.674279204447025,,,-26.83780354694294,,,-26.050387517415807,,,-26.14427243263159,,,1,0
24,3,nback,two_back,2,-25.136566648580565,,,-26.277765235896016,,,-26.51577692893075,,,-26.796240264058348,,,-26.360902959527465,,,-26.510253933325476,,,-25.848497343386725,,,-26.491341297814795,,,-26.689077818920204,,,-26.888256023506603,,,-26.046606366948787,,,-26.115850012218736,,,6,0
24,3,matb,matb_easy,0,-24.999047371094356,,,-26.330977226173243,,,-26.514468261151265,,,-26.728181956775725,,,-26.259329696489246,,,-26.419956598580395,,,-25.775336385889453,,,-26.597032082862132,,,-26.649001256470246,,,-26.778344811758927,,,-26.14251582288182,,,-26.27281666074965,,,7,0
24,3,matb,matb_medium,1,-24.82786167505675,,,-26.248831960976393,,,-26.42222393931777,,,-26.624601672112465,,,-26.21995652932759,,,-26.404569751396366,,,-25.669208476473557,,,-26.72790711156163,,,-26.773561514676555,,,-26.91087561841875,,,-26.249269460224955,,,-26.486281315295823,,,3,0
24,3,matb,matb_difficult,2,-24.912618560718364,,,-26.119828313762337,,,-26.342640138173632,,,-26.61801203984968,,,-26.001077167681363,,,-26.31929950734642,,,-25.68633639121237,,,-26.617632493170174,,,-26.746481757522524,,,-26.986881732203873,,,-26.09166485671063,,,-26.507988495635335,,,8,0
25,1,nback,zero_back,0,-26.159399600138673,-26.15913007478065,-26.159399600138673,-26.0527568179444,-26.027792416741047,-26.0527568179444,-26.452587525202585,-26.439224951674042,-26.452587525202585,-26.745133115888187,-26.728326482215035,-26.745133115888187,-26.083685465820547,-26.055788345354795,-26.083685465820547,-26.25413638416388,-26.22499729251799,-26.25413638416388,-26.048384583719564,-26.03227458331055,-26.048384583719564,-26.024831403844097,-25.991537717742933,-26.024831403844097,-26.145618944288717,-26.105458343606525,-26.145618944288717,-26.06074985372315,-26.00915299780621,-26.06074985372315,-25.534284866306184,-25.501505066629377,-25.534284866306184,-25.396463096106167,-25.371397237185658,-25.396463096106167,8,0
25,1,nback,one_back,1,-25.972922065150158,-25.997645148445194,-25.972922065150158,-25.948136944518886,-25.889991698133613,-25.948136944518886,-26.375930255729337,-26.311945819398748,-26.375930255729337,-26.690599780714546,-26.586512314359766,-26.690599780714546,-25.93597487900868,-25.857737641076536,-25.93597487900868,-26.218414138082345,-26.099775990789833,-26.218414138082345,-26.010331803325624,-25.91325927476161,-26.010331803325624,-26.002649213370056,-25.885339112107843,-26.002649213370056,-26.094394753065078,-25.955827326844638,-26.094394753065078,-26.052800084957884,-25.85140405083935,-26.052800084957884,-25.53461961212445,-25.38619693547584,-25.53461961212445,-25.51544492432681,-25.324534410375414,-25.51544492432681,6,0
25,1,nback,two_back,2,-26.11684289196646,-26.213664707933933,-26.179111931835447,-25.996912074180106,-26.005603446806592,-26.007481443997776,-26.418428916362952,-26.474431067049043,-26.43923465447438,-26.86995435080694,-26.909876269242705,-26.888726460055178,-26.076773991673193,-26.110577494979236,-26.09288425104338,-26.33143628410086,-26.357465616355285,-26.348249739377504,-26.26633875758121,-26.304644644217777,-26.280271478498058,-26.248715581799118,-26.252951392371767,-26.24625429180028,-26.391152151252797,-26.414582288577478,-26.390957321798158,-26.50198356216238,-26.506743513208313,-26.49802378881466,-25.8096686291211,-25.817061130422008,-25.808101576642564,-25.841703064459534,-25.828853239634924,-25.833205559615404,7,0
25,1,matb,matb_easy,0,-25.78802809095959,-25.90207274524002,-25.78802809095959,-25.920266755094634,-26.00558356758367,-25.920266755094634,-26.239549211806604,-26.319035611233772,-26.239549211806604,-26.81662856891032,-26.831193003665486,-26.81662856891032,-26.09974232072565,-26.168675936904286,-26.09974232072565,-26.339077771753967,-26.375142272918612,-26.339077771753967,-25.975411334843745,-26.06732563500947,-25.975411334843745,-26.146965905866583,-26.239135002784362,-26.146965905866583,-26.32022167197505,-26.33832587598537,-26.32022167197505,-26.666481638388195,-26.638825502791544,-26.666481638388195,-26.06774670686101,-26.099903618207218,-26.06774670686101,-26.15535263333925,-26.15546460956904,-26.15535263333925,3,0
25,1,matb,matb_medium,1,-25.97851758844177,-25.98411535772889,-25.97851758844177,-25.878370877823247,-25.873736483123608,-25.878370877823247,-26.366076254134175,-26.369416737621044,-26.366076254134175,-26.905716016916482,-26.909238103710727,-26.905716016916482,-26.043851089553073,-26.04566377365347,-26.043851089553073,-26.27980108628327,-26.278406606629954,-26.27980108628327,-26.154177857922612,-26.149139528201417,-26.154177857922612,-26.145446901011706,-26.134611176626276,-26.145446901011706,-26.420655782137064,-26.415602899547096,-26.420655782137064,-26.750939391151746,-26.74013737664788,-26.750939391151746,-26.11893190411721,-26.11288452630477,-26.11893190411721,-26.329551177937272,-26.319357011986007,-26.329551177937272,5,0
25,1,matb,matb_difficult,2,-25.70225027241087,-25.737736821193003,-25.721330463709315,-25.786129706531916,-25.803623343809317,-25.783708197207776,-26.175396412436072,-26.198138688295415,-26.185367102442967,-26.79178421309974,-26.814491684643833,-26.80625138071623,-25.9839993006562,-25.99460852928354,-25.9825576221644,-26.249281886517668,-26.252314189869892,-26.243726777398308,-26.00651496780707,-26.015864331274713,-26.01680450802625,-26.149832731846786,-26.136647053437347,-26.13955005472155,-26.34135813025108,-26.344603808837686,-26.34066543390261,-26.737496045792557,-26.736682237190315,-26.738124347992024,-26.065634488433528,-26.064317629535623,-26.06173093923161,-26.340116696705223,-26.336589461136672,-26.33847616274671,4,0
25,2,nback,zero_back,0,-26.17357672954388,-26.206877181970327,-26.17357672954388,-26.08105222650851,-26.08206604305582,-26.08105222650851,-26.43675964412006,-26.445789711255795,-26.43675964412006,-26.828661164995705,-26.84016598331588,-26.828661164995705,-26.100570000480207,-26.10699045941531,-26.100570000480207,-26.41415519002782,-26.423955614287543,-26.41415519002782,-26.09966816491956,-26.110091977513807,-26.09966816491956,-26.085923790528014,-26.083106679280263,-26.085923790528014,-26.256541623681205,-26.259112442527915,-26.256541623681205,-26.23331382658865,-26.226091260556675,-26.23331382658865,-25.606832238177127,-25.60718980895991,-25.606832238177127,-25.699799761952246,-25.694938088818386,-25.699799761952246,3,0
25,2,nback,one_back,1,-26.187785427582522,-26.248397354443124,-26.22927995017137,-26.006057188772647,-26.031770396335933,-26.009131438915297,-26.272373248373526,-26.328241781848227,-26.290227966949793,-26.60498547993362,-26.64512086461049,-26.605164160547037,-26.012222376613767,-26.015919188838392,-26.011720948568893,-26.280316885962776,-26.288163424167912,-26.27973913997668,-25.915831982614886,-25.939499111659295,-25.935480018479986,-25.913811975231344,-25.915848951232107,-25.913511503969254,-25.938417278313278,-25.948032413249994,-25.940670112529222,-25.801464340724895,-25.803789906992392,-25.799197179271108,-25.31699866618946,-25.311383664429915,-25.314018060935872,-25.339304197570605,-25.332184548366328,-25.335430111427076,5,0
25,2,nback,two_back,2,-25.679878871538566,-25.771456035255042,-25.679878871538566,-25.909255116348017,-25.9022950535207,-25.909255116348017,-26.289745820582986,-26.35669163793734,-26.289745820582986,-26.792714931699436,-26.840939276383832,-26.792714931699436,-25.92274996155193,-25.94006168025593,-25.92274996155193,-26.22611953609374,-26.239255998893476,-26.22611953609374,-25.966922871190302,-25.9483974493766,-25.966922871190302,-26.106224515509293,-26.07140314238153,-26.106224515509293,-26.301817832001163,-26.316202811419025,-26.301817832001163,-26.36491591700705,-26.38708137414643,-26.36491591700705,-25.613242647452786,-25.569873634767262,-25.613242647452786,-25.818052607986512,-25.771379306249333,-25.818052607986512,1,0
25,2,matb,matb_easy,0,-26.298168536808358,-26.29250193569932,-26.298168536808358,-26.10854915487711,-26.10149481940634,-26.10854915487711,-26.42718407661841,-26.422546976829842,-26.42718407661841,-26.830456538789463,-26.824789646097994,-26.830456538789463,-26.145114268596124,-26.13811554659911,-26.145114268596124,-26.408301994636716,-26.400285995950533,-26.408301994636716,-26.23661499487006,-26.229675009244264,-26.23661499487006,-26.164480097859403,-26.15687931880889,-26.164480097859403,-26.39062075578071,-26.38404226165027,-26.39062075578071,-26.500275619826603,-26.491688754234673,-26.500275619826603,-25.9455922129978,-25.938454214916696,-25.9455922129978,-26.08677042544586,-26.079084428600943,-26.08677042544586,8,0
25,2,matb,matb_medium,1,-26.075816149340405,-26.075816149340405,-26.075816149340405,-25.86987703002048,-25.86987703002048,-25.86987703002048,-26.307764564065383,-26.307764564065383,-26.307764564065383,-26.818289242082496,-26.818289242082496,-26.818289242082496,-25.975981948286737,-25.975981948286737,-25.975981948286737,-26.26654422383315,-26.26654422383315,-26.26654422383315,-26.22003370607874,-26.22003370607874,-26.22003370607874,-26.121841800822278,-26.121841800822278,-26.121841800822278,-26.418076671256873,-26.418076671256873,-26.418076671256873,-26.587781067324652,-26.587781067324652,-26.587781067324652,-26.01585704036929,-26.01585704036929,-26.01585704036929,-26.252084135705637,-26.252084135705637,-26.252084135705637,4,0
25,2,matb,matb_difficult,2,-26.05746216977484,-26.05746216977484,-26.05746216977484,-25.773678615184117,-25.773678615184117,-25.773678615184117,-26.216158113766884,-26.216158113766884,-26.216158113766884,-26.76365719066157,-26.76365719066157,-26.76365719066157,-25.952336852479,-25.952336852479,-25.952336852479,-26.275516899589032,-26.275516899589032,-26.275516899589032,-26.191106797792454,-26.191106797792454,-26.191106797792454,-26.067130936685512,-26.067130936685512,-26.067130936685512,-26.40490438451582,-26.40490438451582,-26.40490438451582,-26.716115234889088,-26.716115234889088,-26.716115234889088,-26.027722441531463,-26.027722441531463,-26.027722441531463,-26.363915132248334,-26.363915132248334,-26.363915132248334,6,0
25,3,nback,zero_back,0,-26.343164636992718,-26.442107518230806,-26.343164636992718,-26.259414587534025,-26.280532891505334,-26.259414587534025,-26.51093638512105,-26.565901159959235,-26.51093638512105,-26.845293819386605,-26.903608394058104,-26.845293819386605,-26.159928998576277,-26.182934241086944,-26.159928998576277,-26.54954636613443,-26.57351498482909,-26.54954636613443,-26.312744054855,-26.35383336961086,-26.312744054855,-26.288135420031615,-26.288957332987636,-26.288135420031615,-26.41308369480125,-26.44877453949893,-26.41308369480125,-26.448791096324346,-26.484301916558756,-26.448791096324346,-25.717209194928323,-25.725067543400204,-25.717209194928323,-25.92031418782097,-25.94162472788413,-25.92031418782097,5,0
25,3,nback,one_back,1,-26.36738224873401,-26.390993352123672,-26.36738224873401,-26.23615422047322,-26.24061329133801,-26.23615422047322,-26.48457928606964,-26.500689959930607,-26.48457928606964,-26.79230363166075,-26.808785357828018,-26.79230363166075,-26.137304164943213,-26.139549525331713,-26.137304164943213,-26.4795586805275,-26.481424782998054,-26.4795586805275,-26.289641133750663,-26.299339719230787,-26.289641133750663,-26.27108222786588,-26.278428891968236,-26.27108222786588,-26.368955894320678,-26.374163935569214,-26.368955894320678,-26.346503177458263,-26.354078309390353,-26.346503177458263,-25.669340676696482,-25.66799840881266,-25.669340676696482,-25.80118373291717,-25.806325531078766,-25.80118373291717,2,0
25,3,nback,two_back,2,-26.332965664180943,-26.338926183923377,-26.332965664180943,-26.185177408651032,-26.179615393308325,-26.185177408651032,-26.46620314148684,-26.46761613126454,-26.46620314148684,-26.830525973454808,-26.832539266917657,-26.830525973454808,-26.140555843947983,-26.13586180596686,-26.140555843947983,-26.525765038267686,-26.52078926561937,-26.525765038267686,-26.392365327300972,-26.39577015117128,-26.392365327300972,-26.380855527749834,-26.376443715649785,-26.380855527749834,-26.48254603665565,-26.486795961575393,-26.48254603665565,-26.407892945858016,-26.413492014023216,-26.407892945858016,-25.75636195464887,-25.74685464029846,-25.75636195464887,-26.043407795230646,-26.03915578923408,-26.043407795230646,1,0
25,3,matb,matb_easy,0,-26.390049850533682,-26.44983837316608,-26.410615986013063,-26.30915880884662,-26.314540950806833,-26.313263712488958,-26.562394155308027,-26.57917653590401,-26.567547804619718,-26.919441128214064,-26.95006552059472,-26.92198512024003,-26.24284112876065,-26.24583865232072,-26.24587640050031,-26.608640438783397,-26.588553278244706,-26.607153527402478,-26.53323987424314,-26.55004415878486,-26.541294895706994,-26.45575371073028,-26.448910290366406,-26.461109914612997,-26.6467764479679,-26.651532556268396,-26.652437251127296,-26.884297375602138,-26.891945884175904,-26.88714268695704,-26.17268689350552,-26.162310858529743,-26.179754499478676,-26.38972063269926,-26.366533742591493,-26.395720710669632,6,0
25,3,matb,matb_medium,1,-26.153682224536222,-26.154804939348274,-26.153682224536222,-26.05093657305678,-26.048781840586887,-26.05093657305678,-26.316060790723583,-26.31761992766366,-26.316060790723583,-26.78838369151739,-26.793409630045286,-26.78838369151739,-26.053444921967447,-26.052966265447544,-26.053444921967447,-26.464631678809997,-26.463000943381374,-26.464631678809997,-26.47468589489041,-26.47675220531277,-26.47468589489041,-26.491155750838836,-26.49119300117967,-26.491155750838836,-26.625809784910768,-26.62436527268764,-26.625809784910768,-26.903804157257447,-26.902049796600778,-26.903804157257447,-26.21984381594663,-26.220441496587256,-26.21984381594663,-26.565772567375056,-26.568583125740552,-26.565772567375056,4,0
25,3,matb,matb_difficult,2,-25.89566076206396,-26.009075029268352,-25.89566076206396,-25.950905909124238,-25.991272794458137,-25.950905909124238,-26.232402849342737,-26.295496137000335,-26.232402849342737,-26.693540826496914,-26.760157355526438,-26.693540826496914,-25.952223789342707,-25.985620302442957,-25.952223789342707,-26.384982013507383,-26.411607906504283,-26.384982013507383,-26.264821387395553,-26.296442099598487,-26.264821387395553,-26.350012435481094,-26.348695843243988,-26.350012435481094,-26.495583484219384,-26.525392815511218,-26.495583484219384,-26.839018909227867,-26.87977953631361,-26.839018909227867,-26.109249555900085,-26.117516915920085,-26.109249555900085,-26.48188739144517,-26.46279629108176,-26.48188739144517,8,0
26,1,nback,zero_back,0,-25.386703458508823,-25.42721380289726,-25.439248257206483,-25.399593024272534,-25.390389399661338,-25.406324322335415,-25.69124527882376,-25.687014410707647,-25.70916583707336,-25.742014576560038,-25.714507474400595,-25.74068832879281,-25.349220760298543,-25.365523595007545,-25.376850820565323,-25.57744690520911,-25.580996625616326,-25.592187525628283,-25.185049199596246,-25.182467580744593,-25.18275501161062,-25.242983204696113,-25.226395163332043,-25.232022177791134,-25.421416486190793,-25.405027867028235,-25.422356093533335,-25.394973693007337,-25.350216236833017,-25.376634797755386,-24.754793829159546,-24.770817965823266,-24.767902093324516,-24.67749692052124,-24.640333309591455,-24.63291485252364,2,0
26,1,nback,one_back,1,-25.33380775792935,-25.41532413340777,-25.411183780370102,-25.407592150076482,-25.433105281170494,-25.421678014087828,-25.77778865063687,-25.89317437203878,-25.84634837961375,-25.97658712781269,-26.020369269192585,-26.00895778750027,-25.276615882786473,-25.452226867057636,-25.393705711998116,-25.564567636035555,-25.644002621005935,-25.64643913775282,-25.159880775226117,-25.214287668156718,-25.209061026886722,-25.20579944675215,-25.236238278371697,-25.234645624373407,-25.39506768477877,-25.45892512647254,-25.446367640854806,-25.49899589099362,-25.445083470019444,-25.483180460608292,-24.601287559745607,-24.773183736633577,-24.7289683106489,-24.764259343991302,-24.740880094645043,-24.758409197623145,1,0
26,1,nback,two_back,2,-25.192379464950356,-25.301988430369885,-25.30378605079622,-25.333443718162698,-25.320419651753017,-25.335424999304767,-25.671607218087555,-25.769772054277524,-25.771830421306834,-25.876998668725097,-25.873400116246327,-25.8901398186254,-25.282843777335362,-25.36067945457216,-25.35001565649137,-25.510783604978563,-25.557390455897444,-25.510158614506324,-25.002253940413848,-24.95073150909319,-25.00921799236599,-25.029401032689957,-24.946468556002902,-25.02194538763874,-25.339175435438705,-25.324107981127877,-25.36942348606984,-25.407846244332458,-25.27490596386665,-25.3717119910954,-24.59109936114764,-24.602340975847195,-24.651486431180224,-24.58042841268615,-24.43205462755865,-24.527920467892354,7,0
26,1,matb,matb_easy,0,-25.358749756865475,-25.2937110495819,-25.351579186618952,-25.411191652616598,-25.28459866189906,-25.397592672307074,-25.73719048600688,-25.70487378273925,-25.733751911395302,-25.958471485615373,-25.912384509229945,-25.955464074126276,-25.06402120624889,-25.246318542324804,-25.070456823912888,-25.342166477585856,-25.35623020859025,-25.372666301954403,-25.45213259102781,-25.368296481041533,-25.45506895082717,-25.479282909851534,-25.345742824589223,-25.47713903415915,-25.623019025351237,-25.548909425690454,-25.62530299006747,-25.879240911771365,-25.758101731907033,-25.87588147560804,-24.991956331509574,-25.081517717455252,-25.009859170016146,-25.37943958195968,-25.354758007667677,-25.40635715106736,3,0
26,1,matb,matb_medium,1,-25.12661046963634,-25.380525713550554,-25.17160445931267,-25.32889943294764,-25.473662943793205,-25.344633659185313,-25.571934581147797,-25.76900235273805,-25.63199021721302,-25.89874951914478,-25.956588352753716,-25.894159972959436,-25.016369099344356,-25.18223252266011,-25.049054862675597,-25.097088852580143,-25.237937189703867,-25.091929400559614,-25.372105195271132,-25.47654997404951,-25.39781570445656,-25.412176327483714,-25.499891157414815,-25.434308943150498,-25.532914308867564,-25.622281057224946,-25.55666348442925,-25.746282089048567,-25.826864885174295,-25.737004431566536,-24.807183552427702,-25.01593144933836,-24.87558846756195,-25.236839456278812,-25.33348286331457,-25.238192576137024,5,0
26,1,matb,matb_difficult,2,-25.14414454237538,,-25.26325164706222,-25.372912692376566,,-25.472949527408698,-25.583611087897715,,-25.69991382662744,-25.8896536215023,,-25.964000771770035,-24.81915426017915,,-24.948972012856565,-25.053721402302596,,-25.10936287133784,-25.23632619405296,,-25.391899670348764,-25.325341319931486,,-25.430913765142623,-25.377945280334934,,-25.50667260564347,-25.70272419730687,,-25.737648581131083,-24.417471292978654,,-24.618872924280765,-25.191927834189297,,-25.27496658079597,4,0
26,2,nback,zero_back,0,-25.432858282201007,-25.425605428070767,-25.432858282201007,-25.22806064957821,-25.213475511970827,-25.22806064957821,-25.578867299499453,-25.56679992989212,-25.578867299499453,-25.66064756922117,-25.641589970834506,-25.66064756922117,-25.28351467187688,-25.291455649040973,-25.28351467187688,-25.571244683757627,-25.57019770719828,-25.571244683757627,-24.920006679499014,-24.918105087068668,-24.920006679499014,-24.876735233591127,-24.86600380857081,-24.876735233591127,-25.094674089681778,-25.08773571924519,-25.094674089681778,-25.04145877456731,-25.022549430937683,-25.04145877456731,-24.475004951983767,-24.481441305146667,-24.475004951983767,-24.29732114778529,-24.28659414752505,-24.29732114778529,5,0
26,2,nback,one_back,1,-25.38940222452398,-25.393192682983972,-25.38940222452398,-25.228679924799266,-25.21704408588011,-25.228679924799266,-25.59239563884627,-25.59436029378295,-25.59239563884627,-25.697136988185793,-25.69096647929942,-25.697136988185793,-25.282804230570232,-25.287685263238558,-25.282804230570232,-25.54309628335663,-25.54298224649506,-25.54309628335663,-24.97294554525607,-24.963901096602683,-24.97294554525607,-24.95059674863117,-24.93626923407356,-24.95059674863117,-25.19732013068271,-25.194908344257758,-25.19732013068271,-25.216881329882774,-25.201177011618245,-25.216881329882774,-24.5052689189775,-24.510004940716634,-24.5052689189775,-24.34936509760758,-24.33287556837891,-24.34936509760758,4,0
26,2,nback,two_back,2,-25.337051776109753,-25.47872816137103,-25.489882544500713,-25.220120373724615,-25.259079980317352,-25.28510704229472,-25.67093960959367,-25.73147650469562,-25.731452932262478,-25.9515663708824,-25.956154771984824,-25.9703124343996,-25.35526272139689,-25.437816778049303,-25.41479203471278,-25.691991450000987,-25.74876109034706,-25.743658716385536,-25.2009114121531,-25.301377001148772,-25.30472534565164,-25.14927583844268,-25.213308313991817,-25.23049083642312,-25.395333128691455,-25.45649821922683,-25.453395843999,-25.45630662477283,-25.401337349551522,-25.439138021003174,-24.84568266035322,-24.937823151597048,-24.902795033037645,-25.00068451936056,-25.026333576668826,-25.01503311939576,2,0
26,2,matb,matb_easy,0,-25.4970937196303,-25.515165710839838,-25.4970937196303,-25.39124492647297,-25.401682676755406,-25.39124492647297,-25.676319722885296,-25.688311837893192,-25.676319722885296,-25.906337734706085,-25.90796625999561,-25.906337734706085,-25.269988036858614,-25.29314781961899,-25.269988036858614,-25.40863281460807,-25.421839206468746,-25.40863281460807,-25.489319411674362,-25.49070730438017,-25.489319411674362,-25.35812663497988,-25.349414009250353,-25.35812663497988,-25.561576103188457,-25.56887905338353,-25.561576103188457,-25.803951651185795,-25.808550099254767,-25.803951651185795,-25.12589225506322,-25.148134422782707,-25.12589225506322,-25.3928854749812,-25.40296348733679,-25.3928854749812,6,0
26,2,matb,matb_medium,1,-25.32737087569946,-25.35959060983043,-25.33696848054143,-25.240272579148577,-25.212415408638076,-25.238166228591382,-25.57089869713772,-25.63479617942453,-25.589941428964426,-25.95867600502469,-25.985662546139558,-25.957641337555465,-25.049731421185243,-25.163933376590634,-25.100105972174887,-25.20942390685577,-25.259400381282788,-25.22920838632618,-25.422541501353397,-25.44463216851974,-25.419989479887548,-25.290881629038516,-25.26808877505963,-25.274298001476332,-25.482619691482295,-25.512300174302553,-25.490261129024702,-25.69055330199641,-25.662883290615163,-25.68918940598192,-24.931570719546414,-25.053827810900877,-24.95991996987433,-25.318129379024032,-25.34516931052709,-25.3259412180781,3,0
26,2,matb,matb_difficult,2,-25.176453397953637,,-25.183850063238253,-25.147621753297415,,-25.143401909047004,-25.406765030853002,,-25.420238118188045,-25.878307279031397,,-25.871683419282768,-24.775945916116722,,-24.81763787327384,-24.973962097706806,,-25.042412282980163,-25.295123172640338,,-25.305366228366932,-25.22444097778404,,-25.22305585125713,-25.38389978711717,,-25.39598678490746,-25.68725883320693,,-25.664417149469244,-24.57015240764884,,-24.597660768021704,-25.12389446757373,,-25.161660673632234,1,0
26,3,nback,zero_back,0,-24.711668522355154,,-24.736314987736904,-25.08242498489899,,-25.07672182298745,-25.43926251655214,,-25.43743141387434,-25.424675724355616,,-25.411907578077187,-25.03407640218001,,-25.033554155083845,-25.27438000140246,,-25.266131422633904,-24.463262432756597,,-24.4749251501838,-24.64475194906577,,-24.619848462207916,-24.95586348492792,,-24.946918367461734,-24.977139025009116,,-24.964291954629736,-24.0130017110344,,-24.00518078793753,-23.793948486058927,,-23.77698591250438,3,0
26,3,nback,one_back,1,-24.535201227312047,,-24.554668880150636,-25.047751285622855,,-25.042582243115344,-25.432396643550522,,-25.431143712039397,-25.391982275245088,,-25.379755749593283,-25.03099256736982,,-25.029757849565758,-25.2454397182697,,-25.24210958401694,-24.40357190255963,,-24.413701942230656,-24.525309319670814,,-24.519779135836835,-24.875102862597352,,-24.87187385919006,-24.821466047945894,,-24.80387726600794,-24.020362301629643,,-24.014909744209167,-23.785500703436256,,-23.772697696008002,4,0
26,3,nback,two_back,2,-25.04838461222051,-25.153505981585955,-25.134911380922947,-25.159953126899893,-25.14976416035352,-25.159898191566292,-25.626655169405193,-25.665599451263464,-25.653387888911123,-25.787040325108336,-25.838310502666697,-25.804888217590644,-25.251559105942693,-25.28901805781247,-25.274097477595088,-25.553974076287897,-25.576613214207093,-25.572076811054217,-24.59400377028693,-24.800624018345168,-24.6636948249368,-24.704935164703578,-24.829484096555415,-24.68946216196158,-25.100030265152856,-25.16762424333875,-25.11262617569032,-25.149994905186798,-25.15832858034172,-25.14221504547254,-24.30429040374718,-24.42857036458726,-24.314867761712577,-24.15528328293654,-24.254581149147462,-24.1389018292328,1,0
26,3,matb,matb_easy,0,-24.662805420005373,-24.944619083470684,-24.68393548948245,-25.22578480329214,-25.419444954113487,-25.22837291148424,-25.392112258569643,-25.51828825271321,-25.402411018478308,-25.828552866603598,-25.951180934422748,-25.836243586717146,-25.114560045683277,-25.251359586039886,-25.131008851362015,-25.30440819054845,-25.416002333335992,-25.31152599698877,-24.939087151375425,-25.102349363317867,-24.973175766237528,-25.31823161837883,-25.395080113705813,-25.32005075994603,-25.47877692401623,-25.537463163050575,-25.48498714517194,-25.786034193871387,-25.832542952234764,-25.79047242294951,-25.05297882368848,-25.144973164580794,-25.072043627810665,-25.338264671788462,-25.382697606290094,-25.351879258398164,2,0
26,3,matb,matb_medium,1,-24.733894629058398,-24.86261836103524,-24.745690650019732,-25.01224954046134,-24.988349693490782,-25.016435123205586,-25.150445227226122,-25.278680398189405,-25.159097392786844,-25.75904499056404,-25.839745519970496,-25.76196687735481,-24.85012200125817,-24.98042914855332,-24.86129436932837,-25.125819148800847,-25.213174929597315,-25.131449975090746,-25.149512406506915,-25.22006440165595,-25.154904540318228,-25.163969097301482,-25.176921028578228,-25.16435347568841,-25.301162921494733,-25.425954131032892,-25.304940405124608,-25.72178891414181,-25.876342432951493,-25.72333202164693,-24.731638702206308,-24.960584672414694,-24.750182410012773,-25.243201547458522,-25.322742542771284,-25.254600176652353,8,0
26,3,matb,matb_difficult,2,-24.743016273385226,-24.791992428053476,-24.773400359822716,-25.114485227134146,-24.816441148043875,-25.06606981520447,-25.16791146798338,-25.156339410137452,-25.2059664347596,-25.774458667311766,-25.605798873337335,-25.77706939438078,-24.814338985358628,-24.774738175350084,-24.85544734462471,-25.158853084290037,-25.080053344078678,-25.164887025482027,-25.101476451538236,-25.060249188621725,-25.146308670796035,-25.208458857017725,-25.00872546118681,-25.208416498068413,-25.29532317116777,-25.159351890196294,-25.315261860951818,-25.70471665472722,-25.606792774737446,-25.693248578886248,-24.615975682087708,-24.789439689470512,-24.704932164777034,-25.255538749153995,-25.245856888920446,-25.265308862913223,7,0
27,1,nback,zero_back,0,-25.395800707729244,,-25.567293320954853,-25.849118358521153,,-25.89267934186972,-26.046836230322015,,-26.107149192293864,-26.52182672308771,,-26.584867723919718,-25.825341955798137,,-25.872511168280653,-26.16494882355949,,-26.215526885340424,-25.726335546699076,,-25.818129520064524,-26.03574927846304,,-26.047385926687056,-26.005250083075957,,-26.02364559632507,-26.335005680269138,,-26.35865713679308,-25.694946160558573,,-25.714966731519304,-25.988991561119335,,-25.997069896229444,1,0
27,1,nback,one_back,1,-25.37546552081457,,-25.442032305023954,-25.80470330848974,,-25.799674020480754,-26.03834653556749,,-26.045158150303436,-26.50552946290257,,-26.493560038054923,-25.76141299768474,,-25.763960070136445,-26.08047269170995,,-26.081168282721396,-25.68323175096631,,-25.68450382078476,-25.97684904128345,,-25.945029698267874,-26.029723324407648,,-26.014681519981213,-26.37521442155319,,-26.35280200687473,-25.57690748611932,,-25.552521403873367,-25.863425820188052,,-25.826610427701347,6,0
27,1,nback,two_back,2,-25.103487813256034,,-25.334553445021438,-25.70891191263725,,-25.65134084438523,-26.011847233615782,,-25.9915943003779,-26.554530174742204,,-26.558940536248087,-25.76188791198813,,-25.712798563917698,-26.09823525225495,,-26.066903395818418,-25.651573142916497,,-25.772539846171657,-26.13232150359,,-26.031243630544065,-26.122986194172597,,-26.087780763595845,-26.63129212058471,,-26.63156569761262,-25.885037134516132,,-25.83521240512738,-26.232568868905787,,-26.146899051510534,5,0
27,1,matb,matb_easy,0,-25.33624088652549,,-25.379054645121467,-25.817822369996026,,-25.83810846081804,-25.976054172605743,,-25.998779288334667,-26.554408848577143,,-26.584329684990898,-25.675942022912608,,-25.69831394442386,-26.088685343922354,,-26.111707725417823,-25.91684941229782,,-25.944345701555573,-26.22745489977464,,-26.23703649525964,-26.14165542748721,,-26.15331567772312,-26.625418590129577,,-26.646384571729964,-25.893940481503275,,-25.904462992611826,-26.31323383564866,,-26.328398579665194,7,0
27,1,matb,matb_medium,1,-24.741379573360792,-25.20768616585809,-24.756998187174833,-25.421224933310835,-25.534662829161515,-25.418518501252265,-25.618441305221616,-25.85315131224532,-25.623294900808133,-26.394354698196835,-26.61575857311043,-26.39822983815234,-25.324554039225458,-25.515139207243553,-25.326229117630202,-25.716409190569074,-25.86580574213056,-25.71850570313714,-25.659347296331166,-25.792443411899338,-25.66654098304526,-26.090136600566517,-26.21013213714087,-26.099264840792127,-26.04642414924844,-26.06057285351493,-26.05339248606283,-26.714116153110666,-26.803173277992183,-26.721794598933755,-25.753066397575985,-25.889794275847866,-25.76021002891777,-26.158864172121337,-26.226790333200032,-26.1697356173126,2,0
27,1,matb,matb_difficult,2,-24.780035399018455,,-25.127638323937717,-25.444721318010036,,-25.586722328543857,-25.6160862174277,,-25.858495836510794,-26.395219214287494,,-26.538113410847924,-25.30255020202647,,-25.394339529943263,-25.702007923864517,,-25.78023260640954,-25.71119239152199,,-25.83459056742048,-26.09077638081597,,-26.22186446753548,-26.106738646260855,,-26.213943264734286,-26.76950653365788,,-26.857981924278334,-25.70714928617065,,-25.845601353927794,-26.160420813981954,,-26.24424820082791,8,0
27,2,nback,zero_back,0,-25.634523712326033,-25.69970303565296,-25.668211393046096,-25.794520875711182,-25.798965312034774,-25.79496489069399,-25.99635867081519,-26.208987706545905,-26.11253199853002,-26.388357576382685,-26.661358597897095,-26.531945125053934,-25.845523775874224,-25.89053288557862,-25.872627440537148,-26.09008348326162,-26.121673379812513,-26.10311205637145,-25.863622699839613,-25.95975428376299,-25.908440347234897,-26.040164750653997,-26.085365403877763,-26.05243848760874,-26.008195583334796,-26.235840565471612,-26.120276284461816,-26.29932821976545,-26.615360644973418,-26.448447199887838,-25.723444175847288,-25.808972025037356,-25.759243987422376,-25.860147357428136,-25.941578692582492,-25.8878499341529,6,0
27,2,nback,one_back,1,-25.583584139261863,-25.639779797927154,-25.62138159216808,-25.775603642492563,-25.79945574485036,-25.789612286820358,-26.01780261549583,-26.165222829568144,-26.1140850729704,-26.49587499239863,-26.683031367829052,-26.614779533485496,-25.818369211898787,-25.85464379673068,-25.84512767160697,-26.08372881410552,-26.116879582464513,-26.10498536279914,-25.828795704449618,-25.8564420287515,-25.85824010849319,-26.02599476685799,-26.028217315258576,-26.035701936909664,-26.032229379802427,-26.15613413972247,-26.130057133131313,-26.45787038680595,-26.6294589659849,-26.58721458801686,-25.735724935446942,-25.75510047905897,-25.758883883590137,-25.957374432246862,-25.946677175695843,-25.95954750765377,4,0
27,2,nback,two_back,2,-25.466904732426627,-25.4860801825616,-25.474342808522778,-25.6399537452284,-25.621259007512858,-25.633815377088027,-25.91007818677075,-25.9958589477932,-25.942156483735417,-26.48949296425974,-26.620365952483414,-26.52850249063641,-25.721899690425506,-25.75130433253567,-25.736979029439937,-25.97305653447745,-26.00306000971569,-25.988400971953528,-25.872401111086997,-25.899127708711003,-25.87684908590917,-26.103690743917007,-26.120154011989158,-26.107979442267037,-25.983554451681023,-26.06826599088262,-26.003006544144636,-26.531678372290948,-26.645775042217373,-26.555094907141907,-25.812681326171003,-25.847040663752622,-25.825031339879484,-26.062126737301234,-26.09283732319467,-26.06770652097648,7,0
27,2,matb,matb_easy,0,-25.248859935338615,-25.36340383670495,-25.34226609768883,-25.666520436575706,-25.71471551855904,-25.71782625262399,-25.863807709621817,-25.990076312436962,-25.915069106917503,-26.367396190017566,-26.551331519121486,-26.41314040469202,-25.654030676736703,-25.688757461802098,-25.68400167969827,-25.72806135055619,-25.75632335469313,-25.757438196396084,-25.864503911933923,-25.953879997528816,-25.924321826641545,-26.149476920706558,-26.219502642302995,-26.195374011670612,-26.071926606746295,-26.228995646388896,-26.124624759706283,-26.507488019212246,-26.739896866104267,-26.5608815530274,-25.899122347323445,-25.951159405207335,-25.92322489937241,-26.065480053153603,-26.112753578330757,-26.08511566123075,2,0
27,2,matb,matb_medium,1,-24.848487285924193,-25.00173953816814,-24.855984106132066,-25.398009214608905,-25.452426456607807,-25.388095675069238,-25.56932263785277,-25.707686462638964,-25.61590557048305,-26.204622946899775,-26.35817102430173,-26.278325171319512,-25.315410736971298,-25.366585655652564,-25.31153378085879,-25.379319794917375,-25.425955867745476,-25.374919720185062,-25.666470883789714,-25.755682707018742,-25.69157051431188,-26.06197552543779,-26.107308120209677,-26.08484337340061,-25.918860977950562,-26.065530511663656,-25.984591812402712,-26.44519984388095,-26.640943172969106,-26.538963151845277,-25.741500512111003,-25.786927022493682,-25.759793366839116,-25.9148328670517,-25.950365945426153,-25.929679099022657,3,0
27,2,matb,matb_difficult,2,-24.797155095672046,-25.097596977145965,-24.797155095672046,-25.355917713946024,-25.516993891143052,-25.355917713946024,-25.470090541389037,-25.720375353818465,-25.470090541389037,-26.244935612853432,-26.41151301732475,-26.244935612853432,-25.346057256348423,-25.47717851822527,-25.346057256348423,-25.39870845624145,-25.525934047488192,-25.39870845624145,-25.68227603253132,-25.82453542587359,-25.68227603253132,-26.078460561935007,-26.173337708707006,-26.078460561935007,-25.964057152056686,-26.11969146444312,-25.964057152056686,-26.54841482023729,-26.7238811452883,-26.54841482023729,-25.753385994118577,-25.844859735312532,-25.753385994118577,-25.928318984352053,-26.008045316963127,-25.928318984352053,5,0
27,3,nback,zero_back,0,-25.57100419013543,-25.76481633707774,-25.74319673393774,-25.867429780224672,-25.93994139974528,-25.91586767594533,-26.130835599431844,-26.22666649931146,-26.18029988425181,-26.555364323067696,-26.597136350845883,-26.579170358053595,-25.811471037934155,-25.844492750995464,-25.829182612825633,-26.149884582190083,-26.16869961489283,-26.168244669390788,-25.92186265146503,-25.945940765700563,-25.961821100650155,-26.099042492060597,-26.078765178373484,-26.10225876184818,-26.244129688287973,-26.26721512260767,-26.26767401356547,-26.596843538787418,-26.605582419617743,-26.617058995024486,-25.629633339020163,-25.61415633050424,-25.63480721666905,-25.89944310161846,-25.86465170452846,-25.89799632351775,4,0
27,3,nback,one_back,1,-25.586121883785157,-25.628066552242377,-25.594148346439965,-25.794298335616165,-25.81887856568544,-25.797357696086742,-26.09132053743978,-26.141017463499338,-26.100838568694275,-26.63274682078506,-26.670929956736735,-26.64314268749616,-25.752755222168506,-25.77639443064068,-25.757491430256742,-26.11260099755898,-26.13658111827899,-26.12196182979008,-25.906310369216865,-25.92965756316361,-25.912507354901493,-26.06953994947294,-26.076431511312602,-26.071867393902775,-26.209792943161762,-26.254144024984363,-26.220660163998886,-26.69538292217386,-26.724980097590013,-26.708014593165096,-25.636947667348288,-25.638258578164887,-25.637276412146463,-25.94911381534667,-25.944239300752162,-25.952211478435046,7,0
27,3,nback,two_back,2,-25.42652210277358,-25.434935963806566,-25.42652210277358,-25.660269849139134,-25.65530558397664,-25.660269849139134,-25.964788998552088,-25.994113996364952,-25.964788998552088,-26.541148374741905,-26.571973995617654,-26.541148374741905,-25.69542792689737,-25.704231051408353,-25.69542792689737,-26.054840505353923,-26.06425877647169,-26.054840505353923,-25.85847340238768,-25.87849729890156,-25.85847340238768,-26.044650560866305,-26.056652283504558,-26.044650560866305,-26.129086883038955,-26.161274112664522,-26.129086883038955,-26.718993047160968,-26.76980239868954,-26.718993047160968,-25.76660108764396,-25.79526625546378,-25.76660108764396,-26.123477444710772,-26.14713022634434,-26.123477444710772,3,0
27,3,matb,matb_easy,0,-25.279278319155395,-25.610296914208067,-25.37253292019623,-25.717549364758025,-25.86554970331132,-25.735534423581374,-25.920706251108864,-26.121098411303432,-25.951925099594604,-26.49581527622555,-26.63097121456389,-26.519822435319973,-25.600960644824223,-25.716586275020376,-25.61530850251301,-25.924019019631405,-26.046580521094512,-25.941213802990802,-25.92779524795645,-26.050360090912516,-25.956084316085295,-26.162938708199807,-26.221243671229427,-26.17696048659262,-26.248664365447024,-26.331468636765262,-26.26059910426531,-26.736214635841485,-26.806247721023375,-26.749988667277115,-25.797615545361523,-25.853303790131296,-25.801871309194844,-26.216585127987596,-26.27456351000611,-26.216417509590123,5,0
27,3,matb,matb_medium,1,-24.884117422352777,-25.22559005730143,-25.058126940765547,-25.46114157441319,-25.609120654842073,-25.516884354515877,-25.58347747138216,-25.88927113640273,-25.678026523615184,-26.232348107268294,-26.45726062061638,-26.297969942241078,-25.33947977562144,-25.405153919040195,-25.359911149665763,-25.67478514516971,-25.714728960798617,-25.689932632609295,-25.713130343192216,-25.80248857037906,-25.79095310730119,-26.045475361582845,-26.068510603531017,-26.084336225554896,-26.03844592065987,-26.159884736183812,-26.086478813748222,-26.571293532382683,-26.765366523877702,-26.611270721204598,-25.666688314121544,-25.665579518668945,-25.682146261181813,-26.0645894808927,-26.07437393633063,-26.08131104532261,8,0
27,3,matb,matb_difficult,2,-24.719549723783402,-24.9655914102652,-24.719549723783402,-25.214596023963143,-25.35559135793066,-25.214596023963143,-25.505258395557025,-25.687223840548942,-25.505258395557025,-26.26347304882246,-26.368335867221678,-26.26347304882246,-25.140435583135048,-25.239002500386103,-25.140435583135048,-25.473291232605412,-25.56151934048016,-25.473291232605412,-25.645314593760986,-25.786094345311458,-25.645314593760986,-25.960404807503174,-26.074051523584167,-25.960404807503174,-26.105784746546398,-26.20412379588119,-26.105784746546398,-26.695838268324696,-26.74839866418667,-26.695838268324696,-25.573849341651268,-25.673554569403386,-25.573849341651268,-25.984844039351213,-26.06470496048811,-25.984844039351213,6,0
28,1,nback,zero_back,0,-26.159399600138673,-26.15913007478065,-26.159399600138673,-26.0527568179444,-26.027792416741047,-26.0527568179444,-26.452587525202585,-26.439224951674042,-26.452587525202585,-26.745133115888187,-26.728326482215035,-26.745133115888187,-26.083685465820547,-26.055788345354795,-26.083685465820547,-26.25413638416388,-26.22499729251799,-26.25413638416388,-26.048384583719564,-26.03227458331055,-26.048384583719564,-26.024831403844097,-25.991537717742933,-26.024831403844097,-26.145618944288717,-26.105458343606525,-26.145618944288717,-26.06074985372315,-26.00915299780621,-26.06074985372315,-25.534284866306184,-25.501505066629377,-25.534284866306184,-25.396463096106167,-25.371397237185658,-25.396463096106167,1,0
28,1,nback,one_back,1,-25.972922065150158,-25.997645148445194,-25.972922065150158,-25.948136944518886,-25.889991698133613,-25.948136944518886,-26.375930255729337,-26.311945819398748,-26.375930255729337,-26.690599780714546,-26.586512314359766,-26.690599780714546,-25.93597487900868,-25.857737641076536,-25.93597487900868,-26.218414138082345,-26.099775990789833,-26.218414138082345,-26.010331803325624,-25.91325927476161,-26.010331803325624,-26.002649213370056,-25.885339112107843,-26.002649213370056,-26.094394753065078,-25.955827326844638,-26.094394753065078,-26.052800084957884,-25.85140405083935,-26.052800084957884,-25.53461961212445,-25.38619693547584,-25.53461961212445,-25.51544492432681,-25.324534410375414,-25.51544492432681,4,0
28,1,nback,two_back,2,-26.11684289196646,-26.213664707933933,-26.179111931835447,-25.996912074180106,-26.005603446806592,-26.007481443997776,-26.418428916362952,-26.474431067049043,-26.43923465447438,-26.86995435080694,-26.909876269242705,-26.888726460055178,-26.076773991673193,-26.110577494979236,-26.09288425104338,-26.33143628410086,-26.357465616355285,-26.348249739377504,-26.26633875758121,-26.304644644217777,-26.280271478498058,-26.248715581799118,-26.252951392371767,-26.24625429180028,-26.391152151252797,-26.414582288577478,-26.390957321798158,-26.50198356216238,-26.506743513208313,-26.49802378881466,-25.8096686291211,-25.817061130422008,-25.808101576642564,-25.841703064459534,-25.828853239634924,-25.833205559615404,3,0
28,1,matb,matb_easy,0,-25.78802809095959,-25.90207274524002,-25.78802809095959,-25.920266755094634,-26.00558356758367,-25.920266755094634,-26.239549211806604,-26.319035611233772,-26.239549211806604,-26.81662856891032,-26.831193003665486,-26.81662856891032,-26.09974232072565,-26.168675936904286,-26.09974232072565,-26.339077771753967,-26.375142272918612,-26.339077771753967,-25.975411334843745,-26.06732563500947,-25.975411334843745,-26.146965905866583,-26.239135002784362,-26.146965905866583,-26.32022167197505,-26.33832587598537,-26.32022167197505,-26.666481638388195,-26.638825502791544,-26.666481638388195,-26.06774670686101,-26.099903618207218,-26.06774670686101,-26.15535263333925,-26.15546460956904,-26.15535263333925,7,0
28,1,matb,matb_medium,1,-25.97851758844177,-25.98411535772889,-25.97851758844177,-25.878370877823247,-25.873736483123608,-25.878370877823247,-26.366076254134175,-26.369416737621044,-26.366076254134175,-26.905716016916482,-26.909238103710727,-26.905716016916482,-26.043851089553073,-26.04566377365347,-26.043851089553073,-26.27980108628327,-26.278406606629954,-26.27980108628327,-26.154177857922612,-26.149139528201417,-26.154177857922612,-26.145446901011706,-26.134611176626276,-26.145446901011706,-26.420655782137064,-26.415602899547096,-26.420655782137064,-26.750939391151746,-26.74013737664788,-26.750939391151746,-26.11893190411721,-26.11288452630477,-26.11893190411721,-26.329551177937272,-26.319357011986007,-26.329551177937272,6,0
28,1,matb,matb_difficult,2,-25.70225027241087,-25.737736821193003,-25.721330463709315,-25.786129706531916,-25.803623343809317,-25.783708197207776,-26.175396412436072,-26.198138688295415,-26.185367102442967,-26.79178421309974,-26.814491684643833,-26.80625138071623,-25.9839993006562,-25.99460852928354,-25.9825576221644,-26.249281886517668,-26.252314189869892,-26.243726777398308,-26.00651496780707,-26.015864331274713,-26.01680450802625,-26.149832731846786,-26.136647053437347,-26.13955005472155,-26.34135813025108,-26.344603808837686,-26.34066543390261,-26.737496045792557,-26.736682237190315,-26.738124347992024,-26.065634488433528,-26.064317629535623,-26.06173093923161,-26.340116696705223,-26.336589461136672,-26.33847616274671,2,0
28,2,nback,zero_back,0,-25.28765368613487,-25.488617533092146,-25.34434050396116,-26.14992603004631,-26.190022828359968,-26.17468690048422,-26.483526270793636,-26.501213187882257,-26.504383793255784,-26.636759807365138,-26.714676957323473,-26.661383615591465,-25.892515439415625,-26.0248110736572,-25.953915107244786,-26.024924888197212,-26.129983211666037,-26.052068404897327,-25.646105923947175,-25.772576294497696,-25.675600280353542,-26.332644522749273,-26.43767927840645,-26.343818552052817,-26.57508806683012,-26.69989484015511,-26.577952382679904,-26.585125530075004,-26.66219388689667,-26.577721924082795,-25.740951440528686,-25.9171024093092,-25.774253707811756,-25.86095872312645,-25.952629813334532,-25.868517487282805,1,0
28,2,nback,one_back,1,-25.408167115092077,-25.547452286488877,-25.43013581342353,-26.191548129707936,-26.243405909445205,-26.194863031294148,-26.459369181948286,-26.48606257133606,-26.456247959876737,-26.594023252055432,-26.647122911382244,-26.59142884847081,-25.943150293873508,-25.981422490766295,-25.945831556672307,-26.025214285444086,-26.07384874712736,-26.028581059782596,-25.617831799868068,-25.719604028013986,-25.62460582104249,-26.25595405997566,-26.336142576006807,-26.25616300549037,-26.47814258801742,-26.557104882442676,-26.477616217711407,-26.503815844491157,-26.59089317979601,-26.49740956822559,-25.648687482221792,-25.72625947653363,-25.64815000126029,-25.755171624310815,-25.82191719880036,-25.753926744212464,6,0
28,2,nback,two_back,2,-25.417262331600924,-25.48055869510289,-25.43203097478247,-26.170209828160328,-26.19286248606112,-26.17845040077027,-26.442683223764273,-26.47929928020159,-26.460703407839798,-26.62844704882402,-26.64686443476315,-26.634845254374056,-25.95782684995187,-25.98882519290794,-25.97911084576498,-26.07764906236389,-26.103917363089522,-26.089888626158107,-25.851848306208367,-25.858304223638555,-25.86633373492786,-26.576246317849204,-26.53336962521924,-26.587770763228615,-26.788164391234915,-26.7619604800398,-26.804896238924375,-26.869208672102708,-26.822518873204586,-26.880992182272898,-26.058368677837752,-26.02065261372687,-26.07725592130556,-26.19851669071363,-26.164466508119016,-26.21317674764366,4,0
28,2,matb,matb_easy,0,-25.39685612839461,-25.52093481575888,-25.456319335140893,-26.20656636492914,-26.26113982059951,-26.215528366777825,-26.503481193847726,-26.54526438905654,-26.513387654138267,-26.650381542861222,-26.684281390727403,-26.658931036692824,-25.823928125014028,-25.88408600699442,-25.832232820447654,-25.968612572781087,-26.029050782373513,-25.978969268022016,-25.943774911162848,-26.011066986850643,-25.985021805785525,-26.749683292844306,-26.78583239801053,-26.757085598223462,-26.958515959754983,-26.99949303419717,-26.973218114431702,-26.965786204899036,-26.985608821727684,-26.973054334521024,-26.228238724868227,-26.27114267708625,-26.234326416874318,-26.268256182438048,-26.301707864428266,-26.274741908207297,7,0
28,2,matb,matb_medium,1,-25.064887506449896,-25.186486334637888,-25.064887506449896,-25.890574767647603,-25.913817493929226,-25.890574767647603,-26.245652142232494,-26.308329164835204,-26.245652142232494,-26.349817956922877,-26.447618168068686,-26.349817956922877,-25.40413996846686,-25.433621288838843,-25.40413996846686,-25.556466685785303,-25.610091328714457,-25.556466685785303,-25.923396303851305,-25.992260002377957,-25.923396303851305,-26.61605418965419,-26.660635795627194,-26.61605418965419,-26.80963851781321,-26.856398485304524,-26.80963851781321,-26.887039777025375,-26.90926630247541,-26.887039777025375,-26.042177780011226,-26.083242526258623,-26.042177780011226,-26.171817261111336,-26.205721576488013,-26.171817261111336,8,0
28,2,matb,matb_difficult,2,-24.891852801656242,,-24.891852801656242,-25.832849966621318,,-25.832849966621318,-26.186342462889233,,-26.186342462889233,-26.284385802805957,,-26.284385802805957,-25.36445207790977,,-25.36445207790977,-25.491837934733745,,-25.491837934733745,-25.846207252612082,,-25.846207252612082,-26.61195338835649,,-26.61195338835649,-26.84019123702552,,-26.84019123702552,-26.978359368566533,,-26.978359368566533,-26.049018374321587,,-26.049018374321587,-26.17241135806943,,-26.17241135806943,5,0
28,3,nback,zero_back,0,-25.679841514958124,-25.840344130662974,-25.75541735830204,-26.099287940679915,-26.129264001753885,-26.114879347856355,-26.414315729280027,-26.498042977807497,-26.466674212229062,-26.665746133966007,-26.695019138585042,-26.673902958209293,-25.780365835655314,-25.817002922825733,-25.789903327024977,-25.96275962857108,-26.001902502460705,-25.968319209599496,-25.67543160579771,-25.767046509570395,-25.725263456703235,-26.16395421998205,-26.203696416601076,-26.200076741870216,-26.547221796574807,-26.585667687650545,-26.568425082370823,-26.633465488450376,-26.656434479397284,-26.64369540353085,-25.467502233184405,-25.519112536453793,-25.513777059048223,-25.67277146109866,-25.71646025476099,-25.711282633587057,2,0
28,3,nback,one_back,1,-25.651255706780727,-25.816184919403465,-25.76789769641853,-26.18734114346921,-26.156398922154903,-26.206613799829938,-26.585222406971038,-26.566773355203136,-26.587009289289604,-26.81987238553119,-26.82246368500646,-26.82836243032803,-25.826592525697894,-25.826265639341784,-25.842302651288,-26.023249772141465,-25.99283861901183,-26.035465596092596,-25.914886698812513,-26.047586562859713,-25.98489480905651,-26.466789421620383,-26.521200929410607,-26.476672197084078,-26.775787048849367,-26.748631690758142,-26.753789578725122,-26.84840276440641,-26.708194780464808,-26.83241955020996,-25.823803824990147,-25.871836447219152,-25.82948398221688,-25.9909626439488,-26.01414807408721,-25.998848999501902,4,0
28,3,nback,two_back,2,-25.593500575909964,-25.740104083827507,-25.693564693329254,-26.062975214497392,-26.01480454888723,-26.065654410947346,-26.453800453710738,-26.419957352678537,-26.44973264314247,-26.64675417402151,-26.603904850211695,-26.640910224092586,-25.74607247778463,-25.716538350039755,-25.74902988778626,-25.93468749995112,-25.907719956879436,-25.93146458861385,-25.652928393728978,-25.650471859835875,-25.684466832870736,-26.18408650049384,-26.066305709475433,-26.171517099612352,-26.569254153812132,-26.523602126206164,-26.55404174048694,-26.688711218551255,-26.65799329177859,-26.66656354095507,-25.436511024413537,-25.355169062099495,-25.426547587540533,-25.71825799674234,-25.657323847110852,-25.70995892531409,3,0
28,3,matb,matb_easy,0,-25.39547222659177,-25.487968310259312,-25.425789461031663,-25.934376449603274,-25.951384760133738,-25.93600665958459,-26.41385804080595,-26.479927851218697,-26.417232588971846,-26.609524692972716,-26.66085230601832,-26.608494934640376,-25.44131399107314,-25.435263777147117,-25.44477329264965,-25.644202148599938,-25.620203195529914,-25.647033475939352,-26.042627777365876,-26.1938597000816,-26.048181440188774,-26.538751010444283,-26.650419620049867,-26.534607631826447,-26.818258029597192,-26.904357358045143,-26.81425781888916,-26.937480506922125,-26.967481341235874,-26.931583553516237,-25.912353632532042,-26.005673881876167,-25.90875023629557,-26.057955082416292,-26.10337101564839,-26.057627399650674,1,0
28,3,matb,matb_medium,1,-25.187865135368575,-25.346913706040198,-25.252120466696134,-25.873344850515366,-25.89331657774468,-25.876448211564526,-26.373086022497965,-26.381888604230934,-26.38418378626217,-26.608774582456203,-26.609806318307992,-26.63270550246743,-25.32304774601933,-25.32600175130457,-25.324344168686856,-25.431880507698008,-25.41648532600537,-25.4366220993767,-25.915179971784255,-26.010468609988575,-25.95865953928884,-26.562570727593034,-26.535393299884333,-26.56650265224956,-26.892442547945496,-26.867471665630088,-26.89206080498819,-27.027461911566654,-26.97701301427277,-27.030996952633355,-25.91839102286732,-25.909768138262077,-25.912239194195173,-26.012333892025552,-25.932703278397103,-26.01782988926808,6,0
28,3,matb,matb_difficult,2,-25.036698273122596,-25.18099091629907,-25.191257459328614,-25.738521213303144,-25.703768375372317,-25.736676627388476,-26.26242799554336,-26.291937393354697,-26.287222927579705,-26.51926682669599,-26.530682969448833,-26.55586230863206,-25.231252237335053,-25.178507551997228,-25.18468558801777,-25.33942923544373,-25.27335400824563,-25.285952249682076,-25.90129391674346,-26.189602593524487,-26.143453816401124,-26.57303479475986,-26.679239944939923,-26.674653763794012,-26.916984513773297,-27.01847209986616,-26.974060014390048,-27.082926314642336,-27.172208828415165,-27.142138651321858,-25.926921467940648,-26.038372826816907,-25.987434911110515,-26.040611464787773,-26.195069349025392,-26.11905670207264,5,0
29,1,nback,zero_back,0,-24.665130605751262,-24.54193067811198,-24.665130605751262,-24.869301338385753,-24.635073698933407,-24.869301338385753,-25.02420534742784,-24.850006640778357,-25.02420534742784,-25.081216368939938,-24.88473532860303,-25.081216368939938,-24.45220514138267,-24.18134623964259,-24.45220514138267,-24.68862780554787,-24.418321149274963,-24.68862780554787,-24.725583412552442,-24.235332774324174,-24.725583412552442,-24.87422005734872,-24.35928268777256,-24.87422005734872,-24.91425010571792,-24.571633586622,-24.91425010571792,-24.735487322963323,-24.449694831518883,-24.735487322963323,-24.061687507293676,-23.568103247943455,-24.061687507293676,-24.241800332225,-23.677080959198435,-24.241800332225,6,0
29,1,nback,one_back,1,-24.82241116091323,-24.797074310341632,-24.82241116091323,-24.99893776694331,-24.942774609280946,-24.99893776694331,-25.210712611756314,-25.182466241727862,-25.210712611756314,-25.484747043868147,-25.425915004155424,-25.484747043868147,-24.681757490903106,-24.61298527211592,-24.681757490903106,-25.030110827245334,-24.93718519151705,-25.030110827245334,-25.032612022453012,-24.908604794741553,-25.032612022453012,-25.152081396739113,-25.008646913965766,-25.152081396739113,-25.233097595593257,-25.132707691278995,-25.233097595593257,-25.16434360642464,-25.046821462056588,-25.16434360642464,-24.409124067067385,-24.274559509370953,-24.409124067067385,-24.729549530091294,-24.520373518431366,-24.729549530091294,1,0
29,1,nback,two_back,2,-24.92923300865319,-24.97520336340575,-24.93690706924796,-25.13209958965643,-25.142642323525703,-25.13160482333952,-25.320736356614475,-25.363282924839325,-25.318051593723673,-25.53585947123757,-25.54977787528739,-25.52941371445631,-24.771483828938855,-24.804446935645473,-24.768560129429698,-25.11489661331793,-25.13922905628137,-25.104903721518205,-25.147297997190975,-25.166749952046906,-25.154674949049003,-25.26538607369638,-25.287578596735568,-25.27459397799573,-25.330602194864976,-25.349155156599362,-25.335123813986364,-25.205652452429323,-25.19136377762062,-25.198877176038142,-24.47992729978584,-24.49397847831134,-24.488069496143304,-24.7787562410671,-24.784939461620695,-24.77919497461354,8,0
29,1,matb,matb_easy,0,-24.868806921986184,,-24.886955400742384,-25.202038066892484,,-25.20077859012249,-25.348668847241328,,-25.347776830707787,-25.721590341979784,,-25.724090409958574,-25.008523547690366,,-25.011912304688295,-25.260826588881162,,-25.261338392911682,-25.543274366269202,,-25.550827574534008,-25.777394828148534,,-25.780351300067856,-25.654686803137373,,-25.654392665100534,-25.922263466986408,,-25.9258185221906,-25.107649699851546,,-25.110769938597016,-25.375068254360407,,-25.379210580289836,2,0
29,1,matb,matb_medium,1,-24.47840244962735,-24.53272888269226,-24.47840244962735,-24.883021803077508,-24.881058627593923,-24.883021803077508,-25.11567595640987,-25.187414682066766,-25.11567595640987,-25.59568554110964,-25.630407576014676,-25.59568554110964,-24.765862758163273,-24.75811825439189,-24.765862758163273,-25.004794778682346,-24.990786374020878,-25.004794778682346,-25.378271164711258,-25.342422998786287,-25.378271164711258,-25.643139850623992,-25.57007416214621,-25.643139850623992,-25.540845974518753,-25.527377682481095,-25.540845974518753,-25.871343300415184,-25.823882993460018,-25.871343300415184,-25.053773078877544,-24.989990379357994,-25.053773078877544,-25.36113816931487,-25.285700922148802,-25.36113816931487,7,0
29,1,matb,matb_difficult,2,-24.59747099422466,-24.816589597048544,-24.583146277433922,-25.06303631224399,-25.065899914302268,-25.04872970271994,-25.201422947727796,-25.24620099063954,-25.190536872399356,-25.65753662986607,-25.695709303224575,-25.644037312447406,-24.85169801981403,-24.89117956144536,-24.851226000483923,-25.11503787927913,-25.139283596488934,-25.100698429719976,-25.42472978353019,-25.57365939580256,-25.40974664042538,-25.68424718548521,-25.781249342938935,-25.67042092931745,-25.62324024588241,-25.652308883552518,-25.612308421552783,-25.980282993472567,-26.041952490535095,-25.95882255249636,-25.10655859144366,-25.235904376279993,-25.09974252551077,-25.481208998824915,-25.57223729728067,-25.46552482100261,5,0
29,2,nback,zero_back,0,-24.498038582302637,-24.543985953498463,-24.540255127129747,-24.673113723856773,-24.66031681962937,-24.657808901063856,-24.687741260824563,-24.764178671696662,-24.731812609786676,-25.03013569906039,-25.011038777588166,-24.984943667968412,-24.532409301893438,-24.501532920903887,-24.496637597290412,-24.3466450421404,-24.308957132107256,-24.304921555849692,-24.64813902718681,-24.581628949420864,-24.608219425094564,-24.774126305336193,-24.703793208545974,-24.718315700780785,-24.685938601635158,-24.66318820309922,-24.65260900332577,-24.616663402730058,-24.546063829080126,-24.540117530351434,-24.14831364590812,-24.089296658452064,-24.092668809602795,-23.80935063242188,-23.740468784004328,-23.750142033025718,3,0
29,2,nback,one_back,1,-24.50907537371181,-24.54268743997611,-24.523153840027003,-24.62556295114893,-24.609297238342872,-24.602665599028967,-24.64881993076763,-24.666049597303623,-24.654900190862904,-24.85908236789237,-24.828549818369236,-24.82466792293196,-24.486225422159805,-24.444180634912033,-24.451988814397133,-24.26065911891287,-24.205857137556688,-24.22498219888263,-24.528311105782212,-24.499628338075357,-24.513747236956686,-24.656094682624968,-24.621918760626354,-24.634518432885066,-24.593031933512595,-24.571781419614044,-24.573500890176984,-24.39575112782547,-24.34824981912899,-24.360879226166343,-24.136034747839034,-24.08731223788696,-24.102341362822585,-23.788129161021317,-23.728103396131353,-23.749035381599963,8,0
29,2,nback,two_back,2,-24.98604056772683,-24.999127935399354,-24.98604056772683,-25.014534696005267,-25.021144849121246,-25.014534696005267,-25.264871095968253,-25.277296759597807,-25.264871095968253,-25.611983338173225,-25.63085009892269,-25.611983338173225,-24.960622817487017,-24.974597843840233,-24.960622817487017,-24.786556571582036,-24.800902529003213,-24.786556571582036,-25.26282589543733,-25.270083806492277,-25.26282589543733,-25.29712079824455,-25.299206704365822,-25.29712079824455,-25.326757157313132,-25.33742679506603,-25.326757157313132,-25.274463913243252,-25.28715910745485,-25.274463913243252,-24.736092194546796,-24.740310147381823,-24.736092194546796,-24.407590967629254,-24.406873106731155,-24.407590967629254,4,0
29,2,matb,matb_easy,0,-24.865896772782214,-24.87257952454479,-24.865896772782214,-25.111596357728992,-25.123174135381703,-25.111596357728992,-25.035287931819084,-25.038531969572894,-25.035287931819084,-25.539757606067024,-25.543597951885832,-25.539757606067024,-25.102010444686748,-25.110966756415934,-25.102010444686748,-24.95279181257255,-24.956210154598175,-24.95279181257255,-25.444549500769103,-25.442689068587853,-25.444549500769103,-25.599364871372252,-25.60073378830605,-25.599364871372252,-25.373128186872247,-25.373420325895488,-25.373128186872247,-25.630546944374952,-25.628709600762537,-25.630546944374952,-25.163331256567254,-25.161919744319498,-25.163331256567254,-24.941884987900657,-24.93898380381919,-24.941884987900657,6,0
29,2,matb,matb_medium,1,-24.418201195252745,-24.47271480823871,-24.464969735067594,-24.80830559327539,-24.803209844535104,-24.823181029507595,-24.740184366745098,-24.772877203490186,-24.76524384827188,-25.385865845525572,-25.393963893995895,-25.39501398489072,-24.779450795589813,-24.78344858239832,-24.79429385762472,-24.58780158135803,-24.595009113890903,-24.60466027408489,-25.327644662447767,-25.354340328469608,-25.349324990622996,-25.5316243071668,-25.54798515127093,-25.547753176086,-25.361191537397897,-25.378258234890257,-25.375995245893343,-25.72219046140738,-25.740696631627834,-25.743353235753105,-25.083536707294083,-25.109164350014694,-25.103808447719885,-24.8719138808262,-24.902149956651183,-24.897134305573953,5,0
29,2,matb,matb_difficult,2,-24.563102393689615,-24.563005483646155,-24.563102393689615,-24.922459151937584,-24.92183196744572,-24.922459151937584,-24.79373501481807,-24.794072121338225,-24.79373501481807,-25.389214872433367,-25.393194492187767,-25.389214872433367,-24.916665721429368,-24.916273044872533,-24.916665721429368,-24.701630468360747,-24.700213509116015,-24.701630468360747,-25.414508223234076,-25.417549485172962,-25.414508223234076,-25.596174725692762,-25.594902399883306,-25.596174725692762,-25.390310465567893,-25.39781718184456,-25.390310465567893,-25.74424300512181,-25.754021800791996,-25.74424300512181,-25.20133900709328,-25.20543216869767,-25.20133900709328,-24.966930078629808,-24.970879282986175,-24.966930078629808,7,0
29,3,nback,zero_back,0,-24.557416989352912,-24.636624798114422,-24.567650268509432,-24.58363642854618,-24.60958780578799,-24.59213971868073,-24.636043591399755,-24.671542475329126,-24.661152080475233,-24.51279681909366,-24.53553357198856,-24.52678807230595,-24.169460864182163,-24.202938091536552,-24.181237248852124,-23.996478617297516,-24.01938195505755,-24.003765534973073,-24.4019684622494,-24.450181052899378,-24.414702275102297,-24.501860937452825,-24.51976976897413,-24.513374489500872,-24.496384815457137,-24.51649682006028,-24.514045232602506,-24.17334080510307,-24.185769737341204,-24.190363569629305,-23.780703585945076,-23.797818999841876,-23.794468659988794,-23.47345578362668,-23.49828978632072,-23.484842499687073,6,1
29,3,nback,one_back,1,-24.436594022963902,-24.479648530296117,-24.42524067267521,-24.486527305940218,-24.490753532225796,-24.469389325954758,-24.552981530706322,-24.586104279494894,-24.580182553862134,-24.61258882663025,-24.602188522901397,-24.59358819083006,-24.101881815179052,-24.106465329329854,-24.092136979416455,-23.954831135826787,-23.944567340631128,-23.93689323323436,-24.42170741945526,-24.41928450219938,-24.392142699448446,-24.510067536544007,-24.49525758137776,-24.4770128608682,-24.494742551353816,-24.510542425990515,-24.506845482165133,-24.287791983172355,-24.25700781325027,-24.26002751723829,-23.814743904632525,-23.804779663288215,-23.785815345028244,-23.549494500144704,-23.531798368712266,-23.516976463960464,2,1
29,3,nback,two_back,2,-24.85643706283066,-24.834247633093913,-24.85431854554318,-24.853981611561423,-24.828334681004623,-24.852340184074823,-25.086693587260292,-25.095033836927975,-25.09528997546966,-25.280885793917566,-25.27849243642748,-25.278676912785567,-24.635384893497147,-24.616401991946365,-24.632267009732203,-24.507206177078785,-24.483208656220075,-24.504486804442408,-25.086667591351514,-25.06156611929522,-25.074955811334924,-25.08694394876821,-25.064288566963967,-25.076188649833014,-25.094758657400114,-25.086138330791297,-25.0865097874727,-24.930819116340512,-24.908741254707287,-24.91996016229427,-24.371076758102966,-24.353379352477802,-24.363154548293227,-24.131387276493992,-24.112432304288255,-24.12240264861706,7,1
29,3,matb,matb_easy,0,-24.977027566984606,-25.042278460223585,-25.024287940713755,-25.013994139720364,-25.031272398988097,-25.025273395617237,-25.102972548522864,-25.137836850658736,-25.131212438729754,-25.385102559880675,-25.380250161587462,-25.377954621851224,-24.803959897045043,-24.81350344996089,-24.81023726091169,-24.682304123852056,-24.692516951474914,-24.687993729285196,-25.586393153087407,-25.598261280501603,-25.593037025285184,-25.56539700823024,-25.55904271667298,-25.558979235168096,-25.427874061247326,-25.42878019846152,-25.426453485149814,-25.473416359616028,-25.45727805781431,-25.459573347311615,-24.89973015472816,-24.885102823778183,-24.891124827839167,-24.70238200645207,-24.681439271556172,-24.690490317215747,5,1
29,3,matb,matb_medium,1,-24.553921455266305,-24.93768282741347,-24.57008636720002,-24.689327836825864,-25.00643235069953,-24.68473974969051,-24.909888266699095,-25.152662109757,-24.90941775373714,-25.22607442668874,-25.48704666861079,-25.22221684754474,-24.494081079317482,-24.825782009238434,-24.55819470231993,-24.40155825922286,-24.68817640711404,-24.403034035607956,-25.435336352693447,-25.519165795510077,-25.438647481166697,-25.485407449861924,-25.570472056212097,-25.47926137933206,-25.400213699369704,-25.49299804501094,-25.399436180430783,-25.610868177880626,-25.705820165750186,-25.6097726588217,-24.863712545498885,-24.967019204719463,-24.911339348777986,-24.744208596078476,-24.7692631593976,-24.742206857295024,1,1
29,3,matb,matb_difficult,2,-24.689940601796266,-24.691276337393504,-24.69893846718293,-24.826446760484586,-24.795145597159518,-24.818286527925807,-25.014403266047474,-24.9983015833749,-25.01295288873503,-25.269010350618277,-25.257451858991416,-25.269927522901295,-24.617502535073857,-24.617759116784924,-24.616956007527428,-24.460496665625346,-24.461156839785605,-24.459282134163708,-25.50630994550356,-25.53261397823937,-25.514777613096822,-25.56741086055562,-25.56635571621104,-25.565773933278376,-25.463951914395373,-25.460851378237482,-25.467181285831288,-25.649158321739435,-25.649990350748507,-25.653339231936382,-24.942061262708176,-24.95152178406326,-24.94459452800409,-24.758990306711052,-24.77078047214732,-24.761020873593708,3,1
